Id,IdTransportadora,DataPedido,DataEntrega,CidadeOrigem,CidadeDestino
1,TR002,2023-08-05,2023-08-10,"União da Vitória, PR","Toledo, PR"
2,TR004,2023-07-20,2023-07-21,"Coronel Domingos Soares, PR","Santa Terezinha de Itaipu, PR"
3,TR007,2023-04-18,2023-04-22,"Lunardelli, PR","Londrina, PR"
4,TR002,2023-08-27,2023-08-31,"Irati, PR","Guarapuava, PR"
5,TR012,2023-02-14,2023-02-15,"Coronel Domingos Soares, PR","Santo Antônio da Platina, PR"
6,TR011,2023-12-25,2023-12-31,"Matinhos, PR","Irati, PR"
7,TR005,2023-07-29,2023-08-03,"Terra Rica, PR","Irati, PR"
8,TR012,2023-04-16,2023-04-18,"Pato Branco, PR","Ivaiporã, PR"
9,TR005,2023-07-12,2023-07-14,"Cianorte, PR","Antonina, PR"
10,TR002,2023-04-15,2023-04-17,"Realeza, PR","Pinhais, PR"
11,TR012,2023-06-11,2023-06-13,"Pitanga, PR","São José dos Pinhais, PR"
12,TR004,2023-06-07,2023-06-13,"Pinhais, PR","Lunardelli, PR"
13,TR001,2023-10-31,2023-11-01,"Paranaguá, PR","Ibiporã, PR"
14,TR001,2023-05-24,2023-05-26,"Arapongas, PR","Coronel Domingos Soares, PR"
15,TR010,2023-02-28,2023-03-05,"Medianeira, PR","Marechal Cândido Rondon, PR"
16,TR005,2023-06-20,2023-06-26,"Lunardelli, PR","Pitanga, PR"
17,TR012,2023-05-23,2023-05-25,"Ibiporã, PR","Telêmaco Borba, PR"
18,TR003,2023-03-04,2023-03-07,"Santo Antônio da Platina, PR","Pinhais, PR"
19,TR009,2023-05-30,2023-06-05,"Matinhos, PR","Realeza, PR"
20,TR011,2023-03-09,2023-03-13,"Marechal Cândido Rondon, PR","Pinhais, PR"
21,TR002,2023-07-07,2023-07-13,"Pato Branco, PR","Antonina, PR"
22,TR002,2023-07-22,2023-07-25,"Ibiporã, PR","Antonina, PR"
23,TR005,2023-03-06,2023-03-10,"Irati, PR","Curitiba, PR"
24,TR002,2023-10-29,2023-10-30,"Guarapuava, PR","Araucária, PR"
25,TR006,2023-05-05,2023-05-11,"Marechal Cândido Rondon, PR","Paranaguá, PR"
26,TR011,2023-06-30,2023-07-01,"Matinhos, PR","Palmas, PR"
27,TR012,2023-06-08,2023-06-13,"Dois Vizinhos, PR","Paranavaí, PR"
28,TR001,2023-01-07,2023-01-14,"Cascavel, PR","Foz do Iguaçu, PR"
29,TR005,2023-11-01,2023-11-05,"Castro, PR","Realeza, PR"
30,TR004,2023-07-26,2023-07-30,"Castro, PR","Toledo, PR"
31,TR001,2023-02-22,2023-02-28,"Jandaia do Sul, PR","Marechal Cândido Rondon, PR"
32,TR007,2023-07-20,2023-07-25,"Matinhos, PR","Santa Terezinha de Itaipu, PR"
33,TR001,2023-01-02,2023-01-06,"Medianeira, PR","Palmas, PR"
34,TR007,2023-10-22,2023-10-25,"Santo Antônio da Platina, PR","Toledo, PR"
35,TR004,2023-08-10,2023-08-14,"Pato Branco, PR","Guarapuava, PR"
36,TR012,2023-05-18,2023-05-21,"Cascavel, PR","Toledo, PR"
37,TR007,2023-12-10,2023-12-13,"Toledo, PR","São José dos Pinhais, PR"
38,TR009,2023-05-13,2023-05-19,"Jandaia do Sul, PR","Medianeira, PR"
39,TR003,2023-09-07,2023-09-13,"Pitanga, PR","Castro, PR"
40,TR003,2023-12-27,2024-01-01,"Realeza, PR","Matinhos, PR"
41,TR006,2023-11-23,2023-11-25,"Pato Branco, PR","Jandaia do Sul, PR"
42,TR008,2023-01-06,2023-01-13,"Realeza, PR","Londrina, PR"
43,TR010,2023-07-16,2023-07-17,"Guarapuava, PR","União da Vitória, PR"
44,TR006,2023-06-10,2023-06-14,"Três Barras do Paraná, PR","Antonina, PR"
45,TR003,2023-03-03,2023-03-04,"Lunardelli, PR","Medianeira, PR"
46,TR007,2023-09-11,2023-09-13,"Terra Rica, PR","União da Vitória, PR"
47,TR001,2023-09-26,2023-09-30,"Palmas, PR","Santo Antônio da Platina, PR"
48,TR001,2023-09-13,2023-09-19,"São José dos Pinhais, PR","Pato Branco, PR"
49,TR011,2023-06-08,2023-06-10,"Santo Antônio da Platina, PR","Cianorte, PR"
50,TR011,2023-01-27,2023-01-31,"Dois Vizinhos, PR","Marechal Cândido Rondon, PR"
51,TR004,2023-06-02,2023-06-04,"Cianorte, PR","Pinhais, PR"
52,TR006,2023-10-02,2023-10-03,"Matinhos, PR","Três Barras do Paraná, PR"
53,TR007,2023-01-29,2023-02-01,"Realeza, PR","Dois Vizinhos, PR"
54,TR011,2023-10-16,2023-10-23,"Ibiporã, PR","Francisco Beltrão, PR"
55,TR001,2023-04-16,2023-04-19,"Marechal Cândido Rondon, PR","Toledo, PR"
56,TR009,2023-03-18,2023-03-19,"Marechal Cândido Rondon, PR","Apucarana, PR"
57,TR006,2023-08-26,2023-09-02,"Londrina, PR","Jacarezinho, PR"
58,TR001,2023-12-10,2023-12-15,"Araucária, PR","Curitiba, PR"
59,TR006,2023-09-13,2023-09-18,"Pitanga, PR","Três Barras do Paraná, PR"
60,TR007,2023-12-06,2023-12-13,"Cianorte, PR","Pato Branco, PR"
61,TR008,2023-02-14,2023-02-16,"Irati, PR","Jandaia do Sul, PR"
62,TR010,2023-07-01,2023-07-07,"Paranavaí, PR","Terra Rica, PR"
63,TR007,2023-04-29,2023-05-05,"União da Vitória, PR","Pato Branco, PR"
64,TR005,2023-08-18,2023-08-25,"Pitanga, PR","Ivaiporã, PR"
65,TR009,2023-06-16,2023-06-22,"União da Vitória, PR","Matinhos, PR"
66,TR006,2023-09-23,2023-09-30,"Medianeira, PR","Dois Vizinhos, PR"
67,TR007,2023-06-01,2023-06-07,"Araucária, PR","Jandaia do Sul, PR"
68,TR006,2023-12-15,2023-12-16,"Dois Vizinhos, PR","Ponta Grossa, PR"
69,TR011,2023-04-24,2023-04-29,"Jandaia do Sul, PR","Toledo, PR"
70,TR004,2023-11-21,2023-11-27,"Ivaiporã, PR","Curitiba, PR"
71,TR001,2023-01-18,2023-01-25,"Dois Vizinhos, PR","União da Vitória, PR"
72,TR008,2023-01-31,2023-02-02,"Cascavel, PR","São José dos Pinhais, PR"
73,TR003,2023-06-25,2023-07-02,"Ponta Grossa, PR","Ibiporã, PR"
74,TR010,2023-11-19,2023-11-21,"Curitiba, PR","Pato Branco, PR"
75,TR007,2023-11-13,2023-11-19,"Castro, PR","Arapongas, PR"
76,TR003,2023-03-20,2023-03-21,"Araucária, PR","Guarapuava, PR"
77,TR008,2023-04-04,2023-04-08,"Arapongas, PR","Francisco Beltrão, PR"
78,TR012,2023-02-01,2023-02-02,"Jandaia do Sul, PR","Matinhos, PR"
79,TR010,2023-11-11,2023-11-18,"Santo Antônio da Platina, PR","Antonina, PR"
80,TR006,2023-06-29,2023-07-01,"Pinhais, PR","Guarapuava, PR"
81,TR008,2023-06-22,2023-06-24,"Foz do Iguaçu, PR","Paranaguá, PR"
82,TR008,2023-07-19,2023-07-22,"Três Barras do Paraná, PR","Santo Antônio da Platina, PR"
83,TR004,2023-09-12,2023-09-16,"Toledo, PR","Cianorte, PR"
84,TR004,2023-10-05,2023-10-11,"Jandaia do Sul, PR","Três Barras do Paraná, PR"
85,TR001,2023-06-28,2023-06-30,"Santa Terezinha de Itaipu, PR","Irati, PR"
86,TR010,2023-11-11,2023-11-17,"Santa Terezinha de Itaipu, PR","Telêmaco Borba, PR"
87,TR001,2023-10-11,2023-10-17,"Toledo, PR","Cianorte, PR"
88,TR006,2023-12-10,2023-12-16,"Guarapuava, PR","Ibiporã, PR"
89,TR005,2023-08-10,2023-08-14,"União da Vitória, PR","Três Barras do Paraná, PR"
90,TR003,2023-09-24,2023-09-26,"Castro, PR","Cianorte, PR"
91,TR004,2023-02-16,2023-02-20,"Ponta Grossa, PR","Francisco Beltrão, PR"
92,TR011,2023-01-24,2023-01-25,"Toledo, PR","Apucarana, PR"
93,TR003,2023-06-01,2023-06-03,"Londrina, PR","Telêmaco Borba, PR"
94,TR012,2023-01-22,2023-01-26,"Arapongas, PR","São José dos Pinhais, PR"
95,TR007,2023-02-24,2023-03-03,"Guarapuava, PR","Irati, PR"
96,TR008,2023-09-21,2023-09-26,"Dois Vizinhos, PR","Toledo, PR"
97,TR011,2023-07-13,2023-07-15,"Curitiba, PR","São José dos Pinhais, PR"
98,TR008,2023-10-03,2023-10-10,"Dois Vizinhos, PR","Pinhais, PR"
99,TR007,2023-06-13,2023-06-17,"Cianorte, PR","Santo Antônio da Platina, PR"
100,TR004,2023-03-22,2023-03-25,"Cianorte, PR","Ibiporã, PR"
101,TR012,2023-12-06,2023-12-12,"Ponta Grossa, PR","Dois Vizinhos, PR"
102,TR003,2023-09-08,2023-09-11,"Irati, PR","Guarapuava, PR"
103,TR009,2023-05-28,2023-06-03,"Castro, PR","São José dos Pinhais, PR"
104,TR009,2023-05-31,2023-06-02,"Matinhos, PR","Terra Rica, PR"
105,TR001,2023-03-31,2023-04-01,"Pinhais, PR","Jacarezinho, PR"
106,TR009,2023-12-01,2023-12-02,"Castro, PR","Apucarana, PR"
107,TR008,2023-08-27,2023-09-01,"São José dos Pinhais, PR","Guarapuava, PR"
108,TR007,2023-05-09,2023-05-12,"Realeza, PR","Jandaia do Sul, PR"
109,TR011,2023-12-13,2023-12-16,"Ivaiporã, PR","Arapongas, PR"
110,TR010,2023-04-19,2023-04-25,"Jacarezinho, PR","Realeza, PR"
111,TR012,2023-01-01,2023-01-05,"Curitiba, PR","Matinhos, PR"
112,TR005,2023-08-21,2023-08-24,"Arapongas, PR","São José dos Pinhais, PR"
113,TR008,2023-08-01,2023-08-06,"Palmas, PR","Terra Rica, PR"
114,TR007,2023-10-30,2023-11-05,"Coronel Domingos Soares, PR","Curitiba, PR"
115,TR001,2023-04-26,2023-04-30,"São José dos Pinhais, PR","Paranaguá, PR"
116,TR001,2023-01-25,2023-01-28,"Guarapuava, PR","Palmas, PR"
117,TR006,2023-07-11,2023-07-16,"Guarapuava, PR","Toledo, PR"
118,TR010,2023-10-05,2023-10-11,"Realeza, PR","Medianeira, PR"
119,TR009,2023-06-01,2023-06-07,"Palmas, PR","Paranavaí, PR"
120,TR008,2023-07-29,2023-07-31,"Medianeira, PR","União da Vitória, PR"
121,TR001,2023-09-12,2023-09-13,"Matinhos, PR","Pinhais, PR"
122,TR001,2023-11-06,2023-11-08,"São José dos Pinhais, PR","União da Vitória, PR"
123,TR006,2023-12-30,2024-01-05,"Realeza, PR","Dois Vizinhos, PR"
124,TR007,2023-05-21,2023-05-24,"Irati, PR","Realeza, PR"
125,TR008,2023-11-30,2023-12-06,"Santo Antônio da Platina, PR","Jacarezinho, PR"
126,TR004,2023-12-26,2023-12-28,"Palmas, PR","Curitiba, PR"
127,TR002,2023-02-18,2023-02-19,"Toledo, PR","Santo Antônio da Platina, PR"
128,TR006,2023-03-18,2023-03-21,"Irati, PR","Marechal Cândido Rondon, PR"
129,TR009,2023-06-13,2023-06-19,"Jandaia do Sul, PR","Terra Rica, PR"
130,TR002,2023-12-17,2023-12-20,"Ponta Grossa, PR","Toledo, PR"
131,TR005,2023-07-17,2023-07-22,"Três Barras do Paraná, PR","Francisco Beltrão, PR"
132,TR003,2023-09-15,2023-09-22,"União da Vitória, PR","Terra Rica, PR"
133,TR008,2023-07-03,2023-07-08,"Lunardelli, PR","União da Vitória, PR"
134,TR010,2023-03-03,2023-03-09,"Santa Terezinha de Itaipu, PR","Pitanga, PR"
135,TR004,2023-05-08,2023-05-12,"Pato Branco, PR","Marechal Cândido Rondon, PR"
136,TR009,2023-02-21,2023-02-25,"Londrina, PR","Santa Terezinha de Itaipu, PR"
137,TR002,2023-12-01,2023-12-05,"Apucarana, PR","São José dos Pinhais, PR"
138,TR006,2023-03-28,2023-03-31,"Três Barras do Paraná, PR","Arapongas, PR"
139,TR012,2023-11-14,2023-11-17,"Castro, PR","São José dos Pinhais, PR"
140,TR005,2023-09-19,2023-09-21,"Paranavaí, PR","Paranaguá, PR"
141,TR012,2023-09-15,2023-09-20,"Pato Branco, PR","Araucária, PR"
142,TR004,2023-06-30,2023-07-07,"Terra Rica, PR","Pinhais, PR"
143,TR010,2023-01-10,2023-01-17,"Cascavel, PR","Curitiba, PR"
144,TR010,2023-06-07,2023-06-08,"Londrina, PR","Cascavel, PR"
145,TR007,2023-07-25,2023-07-28,"Guarapuava, PR","Foz do Iguaçu, PR"
146,TR001,2023-01-28,2023-01-29,"Terra Rica, PR","Foz do Iguaçu, PR"
147,TR008,2023-09-02,2023-09-08,"Lunardelli, PR","São José dos Pinhais, PR"
148,TR010,2023-12-09,2023-12-12,"Araucária, PR","Pinhais, PR"
149,TR008,2023-07-02,2023-07-09,"Pitanga, PR","Curitiba, PR"
150,TR010,2023-04-27,2023-05-03,"Ivaiporã, PR","Castro, PR"
151,TR001,2023-04-29,2023-05-05,"Antonina, PR","Foz do Iguaçu, PR"
152,TR002,2023-12-01,2023-12-05,"Jandaia do Sul, PR","Santo Antônio da Platina, PR"
153,TR004,2023-03-28,2023-04-01,"Pitanga, PR","Apucarana, PR"
154,TR008,2023-10-06,2023-10-13,"Arapongas, PR","Jacarezinho, PR"
155,TR002,2023-01-04,2023-01-11,"Paranavaí, PR","Castro, PR"
156,TR008,2023-11-30,2023-12-05,"Marechal Cândido Rondon, PR","Três Barras do Paraná, PR"
157,TR004,2023-09-17,2023-09-21,"Ivaiporã, PR","Araucária, PR"
158,TR011,2023-09-30,2023-10-03,"Araucária, PR","Foz do Iguaçu, PR"
159,TR012,2023-05-09,2023-05-12,"Apucarana, PR","Araucária, PR"
160,TR009,2023-09-22,2023-09-29,"Curitiba, PR","Realeza, PR"
161,TR006,2023-06-30,2023-07-01,"Pato Branco, PR","Guarapuava, PR"
162,TR008,2023-02-23,2023-02-26,"Londrina, PR","Apucarana, PR"
163,TR009,2023-09-02,2023-09-09,"Telêmaco Borba, PR","Cianorte, PR"
164,TR007,2023-03-22,2023-03-29,"Pitanga, PR","Coronel Domingos Soares, PR"
165,TR012,2023-05-06,2023-05-07,"Jacarezinho, PR","Toledo, PR"
166,TR012,2023-09-02,2023-09-04,"Toledo, PR","Londrina, PR"
167,TR003,2023-12-29,2024-01-04,"Guarapuava, PR","Londrina, PR"
168,TR002,2023-04-23,2023-04-29,"Santa Terezinha de Itaipu, PR","Três Barras do Paraná, PR"
169,TR009,2023-11-15,2023-11-16,"Telêmaco Borba, PR","Cascavel, PR"
170,TR008,2023-11-01,2023-11-03,"Londrina, PR","Pato Branco, PR"
171,TR005,2023-08-07,2023-08-10,"Palmas, PR","Arapongas, PR"
172,TR003,2023-08-31,2023-09-07,"Irati, PR","Antonina, PR"
173,TR006,2023-12-11,2023-12-12,"Telêmaco Borba, PR","União da Vitória, PR"
174,TR003,2023-10-01,2023-10-06,"Castro, PR","Realeza, PR"
175,TR008,2023-08-29,2023-09-03,"Dois Vizinhos, PR","Foz do Iguaçu, PR"
176,TR007,2023-10-17,2023-10-23,"Pinhais, PR","Matinhos, PR"
177,TR003,2023-02-16,2023-02-17,"Jandaia do Sul, PR","Coronel Domingos Soares, PR"
178,TR011,2023-08-07,2023-08-14,"Realeza, PR","Ibiporã, PR"
179,TR008,2023-04-29,2023-05-04,"Três Barras do Paraná, PR","Castro, PR"
180,TR002,2023-06-01,2023-06-04,"Jandaia do Sul, PR","Arapongas, PR"
181,TR006,2023-03-31,2023-04-06,"Paranavaí, PR","Paranaguá, PR"
182,TR007,2023-02-26,2023-03-02,"Paranaguá, PR","Medianeira, PR"
183,TR012,2023-01-21,2023-01-26,"Cascavel, PR","Ponta Grossa, PR"
184,TR012,2023-08-20,2023-08-25,"Pinhais, PR","Toledo, PR"
185,TR001,2023-10-20,2023-10-27,"Foz do Iguaçu, PR","Paranavaí, PR"
186,TR003,2023-08-19,2023-08-20,"Castro, PR","Pato Branco, PR"
187,TR005,2023-07-08,2023-07-15,"Marechal Cândido Rondon, PR","Dois Vizinhos, PR"
188,TR003,2023-12-08,2023-12-13,"São José dos Pinhais, PR","Pato Branco, PR"
189,TR002,2023-01-19,2023-01-23,"Santo Antônio da Platina, PR","Pato Branco, PR"
190,TR004,2023-07-31,2023-08-07,"Coronel Domingos Soares, PR","Irati, PR"
191,TR010,2023-07-01,2023-07-03,"Arapongas, PR","Apucarana, PR"
192,TR010,2023-09-15,2023-09-17,"Lunardelli, PR","Realeza, PR"
193,TR009,2023-12-15,2023-12-17,"Cascavel, PR","Santo Antônio da Platina, PR"
194,TR008,2023-05-21,2023-05-23,"Irati, PR","Toledo, PR"
195,TR005,2023-03-03,2023-03-08,"Pinhais, PR","Jandaia do Sul, PR"
196,TR001,2023-06-07,2023-06-12,"Pinhais, PR","Guarapuava, PR"
197,TR004,2023-04-18,2023-04-19,"Realeza, PR","Jacarezinho, PR"
198,TR010,2023-05-26,2023-05-28,"Dois Vizinhos, PR","Jandaia do Sul, PR"
199,TR010,2023-07-23,2023-07-26,"Guarapuava, PR","Jandaia do Sul, PR"
200,TR005,2023-01-21,2023-01-27,"Pato Branco, PR","Toledo, PR"
201,TR010,2023-05-07,2023-05-11,"Londrina, PR","Pato Branco, PR"
202,TR003,2023-02-09,2023-02-16,"Francisco Beltrão, PR","Dois Vizinhos, PR"
203,TR008,2023-02-09,2023-02-15,"Matinhos, PR","Irati, PR"
204,TR001,2023-07-12,2023-07-15,"Ivaiporã, PR","Pato Branco, PR"
205,TR007,2023-04-20,2023-04-24,"Palmas, PR","Cascavel, PR"
206,TR004,2023-09-27,2023-10-01,"Guarapuava, PR","Terra Rica, PR"
207,TR010,2023-07-22,2023-07-29,"Curitiba, PR","Paranavaí, PR"
208,TR005,2023-07-15,2023-07-21,"Dois Vizinhos, PR","São José dos Pinhais, PR"
209,TR001,2023-05-23,2023-05-25,"Lunardelli, PR","Cascavel, PR"
210,TR002,2023-10-20,2023-10-26,"Palmas, PR","Terra Rica, PR"
211,TR004,2023-04-04,2023-04-11,"Jacarezinho, PR","Foz do Iguaçu, PR"
212,TR012,2023-12-23,2023-12-29,"Marechal Cândido Rondon, PR","Arapongas, PR"
213,TR002,2023-07-06,2023-07-10,"Pato Branco, PR","Realeza, PR"
214,TR009,2023-02-11,2023-02-15,"Francisco Beltrão, PR","Marechal Cândido Rondon, PR"
215,TR009,2023-07-16,2023-07-23,"Pinhais, PR","Pitanga, PR"
216,TR008,2023-12-09,2023-12-13,"Paranavaí, PR","Toledo, PR"
217,TR011,2023-03-09,2023-03-14,"Coronel Domingos Soares, PR","Matinhos, PR"
218,TR007,2023-08-06,2023-08-08,"Castro, PR","Paranavaí, PR"
219,TR003,2023-07-04,2023-07-06,"Arapongas, PR","Cianorte, PR"
220,TR004,2023-01-01,2023-01-06,"Jandaia do Sul, PR","Santa Terezinha de Itaipu, PR"
221,TR002,2023-12-19,2023-12-25,"Paranavaí, PR","Pinhais, PR"
222,TR004,2023-10-08,2023-10-11,"Castro, PR","São José dos Pinhais, PR"
223,TR011,2023-06-16,2023-06-18,"Ponta Grossa, PR","Lunardelli, PR"
224,TR006,2023-12-30,2024-01-02,"Coronel Domingos Soares, PR","Santa Terezinha de Itaipu, PR"
225,TR003,2023-06-14,2023-06-17,"Dois Vizinhos, PR","Jandaia do Sul, PR"
226,TR012,2023-12-05,2023-12-12,"Realeza, PR","Palmas, PR"
227,TR005,2023-10-30,2023-11-01,"Cascavel, PR","Apucarana, PR"
228,TR003,2023-04-28,2023-05-02,"Cianorte, PR","Pato Branco, PR"
229,TR008,2023-01-11,2023-01-17,"Lunardelli, PR","Telêmaco Borba, PR"
230,TR002,2023-10-22,2023-10-29,"Antonina, PR","Coronel Domingos Soares, PR"
231,TR002,2023-03-12,2023-03-17,"Araucária, PR","Paranaguá, PR"
232,TR005,2023-04-19,2023-04-23,"Terra Rica, PR","Jacarezinho, PR"
233,TR004,2023-06-21,2023-06-28,"Castro, PR","Coronel Domingos Soares, PR"
234,TR010,2023-07-14,2023-07-17,"Cascavel, PR","Lunardelli, PR"
235,TR011,2023-11-10,2023-11-11,"Marechal Cândido Rondon, PR","Três Barras do Paraná, PR"
236,TR009,2023-01-06,2023-01-13,"Medianeira, PR","Jacarezinho, PR"
237,TR001,2023-11-15,2023-11-21,"Terra Rica, PR","Foz do Iguaçu, PR"
238,TR001,2023-04-02,2023-04-09,"Paranavaí, PR","Londrina, PR"
239,TR005,2023-12-09,2023-12-13,"Santa Terezinha de Itaipu, PR","União da Vitória, PR"
240,TR008,2023-11-03,2023-11-05,"Toledo, PR","Marechal Cândido Rondon, PR"
241,TR010,2023-05-21,2023-05-22,"Cascavel, PR","Terra Rica, PR"
242,TR007,2023-01-24,2023-01-28,"Cascavel, PR","Palmas, PR"
243,TR007,2023-05-26,2023-05-28,"Guarapuava, PR","Antonina, PR"
244,TR001,2023-05-09,2023-05-12,"Toledo, PR","Paranaguá, PR"
245,TR006,2023-12-27,2024-01-01,"São José dos Pinhais, PR","Pato Branco, PR"
246,TR001,2023-12-25,2023-12-29,"Terra Rica, PR","Francisco Beltrão, PR"
247,TR007,2023-02-05,2023-02-07,"Guarapuava, PR","Antonina, PR"
248,TR005,2023-01-20,2023-01-22,"São José dos Pinhais, PR","Ponta Grossa, PR"
249,TR003,2023-11-21,2023-11-26,"Santo Antônio da Platina, PR","Coronel Domingos Soares, PR"
250,TR008,2023-02-19,2023-02-23,"Terra Rica, PR","Toledo, PR"
251,TR011,2023-08-03,2023-08-08,"Toledo, PR","Cascavel, PR"
252,TR010,2023-08-24,2023-08-29,"Araucária, PR","Cascavel, PR"
253,TR002,2023-09-09,2023-09-11,"Antonina, PR","Guarapuava, PR"
254,TR007,2023-08-01,2023-08-02,"Marechal Cândido Rondon, PR","Pinhais, PR"
255,TR010,2023-01-28,2023-02-04,"Cascavel, PR","Marechal Cândido Rondon, PR"
256,TR001,2023-05-26,2023-05-27,"Ivaiporã, PR","Dois Vizinhos, PR"
257,TR005,2023-05-11,2023-05-13,"Palmas, PR","Cianorte, PR"
258,TR002,2023-05-31,2023-06-04,"São José dos Pinhais, PR","Santa Terezinha de Itaipu, PR"
259,TR012,2023-09-25,2023-09-29,"Pato Branco, PR","Ibiporã, PR"
260,TR007,2023-08-22,2023-08-29,"Telêmaco Borba, PR","Palmas, PR"
261,TR008,2023-02-06,2023-02-07,"Paranavaí, PR","Irati, PR"
262,TR011,2023-07-04,2023-07-07,"Toledo, PR","Castro, PR"
263,TR011,2023-03-05,2023-03-09,"Castro, PR","Marechal Cândido Rondon, PR"
264,TR003,2023-12-27,2024-01-02,"Dois Vizinhos, PR","Ivaiporã, PR"
265,TR009,2023-10-01,2023-10-08,"Lunardelli, PR","Pato Branco, PR"
266,TR011,2023-04-03,2023-04-10,"Paranavaí, PR","Irati, PR"
267,TR005,2023-03-14,2023-03-15,"São José dos Pinhais, PR","Castro, PR"
268,TR012,2023-05-25,2023-05-30,"Apucarana, PR","Realeza, PR"
269,TR009,2023-12-11,2023-12-15,"Matinhos, PR","Castro, PR"
270,TR010,2023-09-15,2023-09-21,"Cascavel, PR","Toledo, PR"
271,TR005,2023-05-24,2023-05-31,"São José dos Pinhais, PR","Francisco Beltrão, PR"
272,TR004,2023-02-03,2023-02-06,"Marechal Cândido Rondon, PR","Pitanga, PR"
273,TR003,2023-05-02,2023-05-03,"União da Vitória, PR","Palmas, PR"
274,TR002,2023-10-24,2023-10-25,"São José dos Pinhais, PR","Paranavaí, PR"
275,TR009,2023-05-23,2023-05-28,"União da Vitória, PR","Coronel Domingos Soares, PR"
276,TR011,2023-04-29,2023-05-05,"Ponta Grossa, PR","Apucarana, PR"
277,TR003,2023-07-24,2023-07-31,"Ponta Grossa, PR","Paranaguá, PR"
278,TR010,2023-12-03,2023-12-04,"Francisco Beltrão, PR","Paranavaí, PR"
279,TR006,2023-11-21,2023-11-24,"Arapongas, PR","Lunardelli, PR"
280,TR003,2023-07-08,2023-07-11,"Jandaia do Sul, PR","Arapongas, PR"
281,TR009,2023-08-26,2023-08-29,"Ibiporã, PR","Dois Vizinhos, PR"
282,TR001,2023-02-13,2023-02-14,"Ponta Grossa, PR","Foz do Iguaçu, PR"
283,TR007,2023-06-29,2023-07-03,"Marechal Cândido Rondon, PR","Cascavel, PR"
284,TR008,2023-02-10,2023-02-13,"União da Vitória, PR","Francisco Beltrão, PR"
285,TR010,2023-06-18,2023-06-24,"Jacarezinho, PR","Apucarana, PR"
286,TR010,2023-08-14,2023-08-20,"Ponta Grossa, PR","Irati, PR"
287,TR006,2023-06-21,2023-06-24,"Ponta Grossa, PR","Arapongas, PR"
288,TR002,2023-05-20,2023-05-23,"Araucária, PR","Irati, PR"
289,TR008,2023-06-16,2023-06-17,"Marechal Cândido Rondon, PR","Paranaguá, PR"
290,TR006,2023-02-14,2023-02-19,"Marechal Cândido Rondon, PR","Foz do Iguaçu, PR"
291,TR005,2023-03-01,2023-03-08,"Medianeira, PR","Realeza, PR"
292,TR011,2023-10-01,2023-10-04,"Dois Vizinhos, PR","São José dos Pinhais, PR"
293,TR008,2023-03-13,2023-03-16,"Marechal Cândido Rondon, PR","Guarapuava, PR"
294,TR007,2023-07-22,2023-07-27,"Telêmaco Borba, PR","Dois Vizinhos, PR"
295,TR004,2023-02-11,2023-02-16,"Araucária, PR","Medianeira, PR"
296,TR003,2023-04-29,2023-05-01,"Dois Vizinhos, PR","Londrina, PR"
297,TR003,2023-11-21,2023-11-26,"Jandaia do Sul, PR","Cascavel, PR"
298,TR005,2023-02-28,2023-03-06,"Telêmaco Borba, PR","São José dos Pinhais, PR"
299,TR003,2023-08-10,2023-08-12,"Cianorte, PR","Telêmaco Borba, PR"
300,TR004,2023-01-31,2023-02-07,"Paranaguá, PR","Guarapuava, PR"
301,TR004,2023-03-07,2023-03-13,"Telêmaco Borba, PR","São José dos Pinhais, PR"
302,TR002,2023-05-10,2023-05-16,"Paranavaí, PR","Ivaiporã, PR"
303,TR003,2023-09-18,2023-09-21,"Ivaiporã, PR","Pitanga, PR"
304,TR005,2023-12-14,2023-12-21,"Telêmaco Borba, PR","Três Barras do Paraná, PR"
305,TR002,2023-01-26,2023-01-27,"Telêmaco Borba, PR","Curitiba, PR"
306,TR009,2023-12-19,2023-12-25,"Arapongas, PR","Três Barras do Paraná, PR"
307,TR006,2023-03-23,2023-03-27,"Palmas, PR","Antonina, PR"
308,TR009,2023-08-28,2023-09-03,"Paranavaí, PR","Curitiba, PR"
309,TR001,2023-12-17,2023-12-22,"Ibiporã, PR","Realeza, PR"
310,TR012,2023-12-17,2023-12-24,"Telêmaco Borba, PR","Dois Vizinhos, PR"
311,TR010,2023-07-30,2023-08-03,"Marechal Cândido Rondon, PR","Londrina, PR"
312,TR009,2023-05-17,2023-05-23,"Santo Antônio da Platina, PR","Antonina, PR"
313,TR008,2023-07-18,2023-07-22,"São José dos Pinhais, PR","Londrina, PR"
314,TR008,2023-07-24,2023-07-29,"Paranavaí, PR","Curitiba, PR"
315,TR007,2023-12-16,2023-12-20,"Paranavaí, PR","Palmas, PR"
316,TR007,2023-09-29,2023-10-03,"Castro, PR","Antonina, PR"
317,TR003,2023-03-06,2023-03-13,"Toledo, PR","São José dos Pinhais, PR"
318,TR001,2023-04-22,2023-04-28,"Palmas, PR","Arapongas, PR"
319,TR012,2023-10-25,2023-11-01,"Apucarana, PR","Cianorte, PR"
320,TR002,2023-06-10,2023-06-15,"Dois Vizinhos, PR","Toledo, PR"
321,TR011,2023-09-24,2023-09-25,"Londrina, PR","Telêmaco Borba, PR"
322,TR003,2023-09-15,2023-09-20,"Ivaiporã, PR","Jandaia do Sul, PR"
323,TR008,2023-01-11,2023-01-14,"Antonina, PR","Dois Vizinhos, PR"
324,TR004,2023-04-01,2023-04-08,"União da Vitória, PR","Ibiporã, PR"
325,TR010,2023-04-26,2023-04-28,"Araucária, PR","Marechal Cândido Rondon, PR"
326,TR002,2023-10-31,2023-11-04,"Lunardelli, PR","Cianorte, PR"
327,TR012,2023-05-01,2023-05-02,"Toledo, PR","Cianorte, PR"
328,TR010,2023-10-22,2023-10-26,"Guarapuava, PR","Ivaiporã, PR"
329,TR007,2023-07-21,2023-07-24,"Ponta Grossa, PR","Arapongas, PR"
330,TR006,2023-04-25,2023-04-28,"Apucarana, PR","Londrina, PR"
331,TR003,2023-12-26,2023-12-31,"Foz do Iguaçu, PR","Coronel Domingos Soares, PR"
332,TR006,2023-10-08,2023-10-13,"Ibiporã, PR","Coronel Domingos Soares, PR"
333,TR007,2023-05-24,2023-05-26,"Castro, PR","Antonina, PR"
334,TR011,2023-10-27,2023-10-30,"Pitanga, PR","Dois Vizinhos, PR"
335,TR012,2023-04-07,2023-04-09,"Matinhos, PR","Jacarezinho, PR"
336,TR004,2023-05-01,2023-05-07,"Ibiporã, PR","Cascavel, PR"
337,TR005,2023-09-12,2023-09-15,"Lunardelli, PR","São José dos Pinhais, PR"
338,TR010,2023-03-16,2023-03-19,"Medianeira, PR","Ponta Grossa, PR"
339,TR003,2023-01-29,2023-01-31,"Pato Branco, PR","Francisco Beltrão, PR"
340,TR008,2023-07-28,2023-08-04,"Londrina, PR","Lunardelli, PR"
341,TR001,2023-05-14,2023-05-17,"Santo Antônio da Platina, PR","Paranaguá, PR"
342,TR006,2023-02-10,2023-02-14,"Arapongas, PR","Castro, PR"
343,TR010,2023-02-18,2023-02-25,"Ibiporã, PR","Lunardelli, PR"
344,TR006,2023-01-21,2023-01-28,"Castro, PR","Toledo, PR"
345,TR004,2023-01-02,2023-01-09,"Coronel Domingos Soares, PR","Cascavel, PR"
346,TR001,2023-09-02,2023-09-08,"Araucária, PR","Matinhos, PR"
347,TR002,2023-08-02,2023-08-03,"Foz do Iguaçu, PR","Toledo, PR"
348,TR004,2023-01-29,2023-02-02,"Francisco Beltrão, PR","Santo Antônio da Platina, PR"
349,TR006,2023-11-13,2023-11-19,"Santa Terezinha de Itaipu, PR","Cianorte, PR"
350,TR006,2023-06-22,2023-06-26,"Ivaiporã, PR","Palmas, PR"
351,TR003,2023-10-17,2023-10-18,"Toledo, PR","Coronel Domingos Soares, PR"
352,TR011,2023-08-13,2023-08-17,"Curitiba, PR","Araucária, PR"
353,TR002,2023-03-06,2023-03-13,"Paranavaí, PR","Toledo, PR"
354,TR011,2023-01-01,2023-01-03,"Jandaia do Sul, PR","Francisco Beltrão, PR"
355,TR009,2023-05-08,2023-05-09,"Apucarana, PR","Matinhos, PR"
356,TR011,2023-12-01,2023-12-06,"Pitanga, PR","Ivaiporã, PR"
357,TR001,2023-09-09,2023-09-12,"Santa Terezinha de Itaipu, PR","Apucarana, PR"
358,TR010,2023-05-17,2023-05-19,"Medianeira, PR","Irati, PR"
359,TR006,2023-02-21,2023-02-26,"Toledo, PR","Ponta Grossa, PR"
360,TR007,2023-11-03,2023-11-07,"Realeza, PR","Terra Rica, PR"
361,TR012,2023-05-08,2023-05-11,"Santo Antônio da Platina, PR","Dois Vizinhos, PR"
362,TR005,2023-11-19,2023-11-21,"União da Vitória, PR","Apucarana, PR"
363,TR004,2023-06-26,2023-06-30,"Marechal Cândido Rondon, PR","Paranavaí, PR"
364,TR009,2023-06-25,2023-06-29,"Araucária, PR","Medianeira, PR"
365,TR012,2023-05-20,2023-05-27,"Cianorte, PR","Palmas, PR"
366,TR003,2023-10-18,2023-10-24,"Cascavel, PR","Marechal Cândido Rondon, PR"
367,TR006,2023-01-09,2023-01-12,"Pinhais, PR","Ivaiporã, PR"
368,TR011,2023-04-15,2023-04-18,"Santo Antônio da Platina, PR","Castro, PR"
369,TR009,2023-10-20,2023-10-24,"Marechal Cândido Rondon, PR","São José dos Pinhais, PR"
370,TR012,2023-11-21,2023-11-24,"Toledo, PR","Terra Rica, PR"
371,TR009,2023-06-04,2023-06-06,"Cascavel, PR","Coronel Domingos Soares, PR"
372,TR007,2023-08-20,2023-08-25,"Apucarana, PR","Foz do Iguaçu, PR"
373,TR007,2023-08-17,2023-08-19,"Jandaia do Sul, PR","Realeza, PR"
374,TR005,2023-07-09,2023-07-15,"Cianorte, PR","Antonina, PR"
375,TR011,2023-06-22,2023-06-25,"Araucária, PR","Ivaiporã, PR"
376,TR012,2023-11-08,2023-11-14,"Arapongas, PR","Paranaguá, PR"
377,TR006,2023-08-09,2023-08-12,"Lunardelli, PR","Três Barras do Paraná, PR"
378,TR007,2023-03-26,2023-03-29,"Dois Vizinhos, PR","Irati, PR"
379,TR011,2023-11-04,2023-11-11,"Marechal Cândido Rondon, PR","Coronel Domingos Soares, PR"
380,TR002,2023-02-25,2023-02-26,"Realeza, PR","União da Vitória, PR"
381,TR010,2023-12-09,2023-12-14,"Palmas, PR","Ibiporã, PR"
382,TR001,2023-08-23,2023-08-26,"Curitiba, PR","Paranavaí, PR"
383,TR010,2023-02-11,2023-02-16,"Guarapuava, PR","Matinhos, PR"
384,TR003,2023-06-25,2023-06-27,"Castro, PR","Arapongas, PR"
385,TR010,2023-04-06,2023-04-07,"Realeza, PR","Dois Vizinhos, PR"
386,TR011,2023-09-14,2023-09-20,"Foz do Iguaçu, PR","Toledo, PR"
387,TR011,2023-03-03,2023-03-10,"Ponta Grossa, PR","Lunardelli, PR"
388,TR010,2023-06-26,2023-06-28,"Arapongas, PR","União da Vitória, PR"
389,TR011,2023-07-02,2023-07-03,"Marechal Cândido Rondon, PR","União da Vitória, PR"
390,TR004,2023-05-31,2023-06-06,"São José dos Pinhais, PR","Pinhais, PR"
391,TR003,2023-10-05,2023-10-08,"Palmas, PR","Matinhos, PR"
392,TR002,2023-04-22,2023-04-25,"Ponta Grossa, PR","Medianeira, PR"
393,TR002,2023-02-28,2023-03-04,"Medianeira, PR","Lunardelli, PR"
394,TR007,2023-11-22,2023-11-23,"Santo Antônio da Platina, PR","Pitanga, PR"
395,TR009,2023-03-06,2023-03-13,"Ponta Grossa, PR","Realeza, PR"
396,TR003,2023-04-01,2023-04-05,"São José dos Pinhais, PR","Antonina, PR"
397,TR008,2023-11-18,2023-11-21,"Antonina, PR","Francisco Beltrão, PR"
398,TR004,2023-12-05,2023-12-06,"Paranaguá, PR","Guarapuava, PR"
399,TR009,2023-06-03,2023-06-09,"União da Vitória, PR","Dois Vizinhos, PR"
400,TR004,2023-08-18,2023-08-20,"São José dos Pinhais, PR","Paranaguá, PR"
401,TR004,2023-10-18,2023-10-20,"União da Vitória, PR","Jandaia do Sul, PR"
402,TR002,2023-11-05,2023-11-07,"Coronel Domingos Soares, PR","Dois Vizinhos, PR"
403,TR011,2023-07-22,2023-07-28,"Cascavel, PR","Três Barras do Paraná, PR"
404,TR006,2023-10-17,2023-10-18,"Jandaia do Sul, PR","União da Vitória, PR"
405,TR006,2023-02-10,2023-02-15,"Telêmaco Borba, PR","Pitanga, PR"
406,TR008,2023-10-29,2023-10-30,"Londrina, PR","Curitiba, PR"
407,TR006,2023-09-08,2023-09-15,"Ibiporã, PR","União da Vitória, PR"
408,TR004,2023-04-14,2023-04-21,"Palmas, PR","Medianeira, PR"
409,TR003,2023-04-18,2023-04-23,"Foz do Iguaçu, PR","Marechal Cândido Rondon, PR"
410,TR011,2023-09-25,2023-10-01,"Arapongas, PR","União da Vitória, PR"
411,TR006,2023-01-17,2023-01-23,"Jacarezinho, PR","Palmas, PR"
412,TR012,2023-12-12,2023-12-14,"Cianorte, PR","Matinhos, PR"
413,TR005,2023-03-14,2023-03-15,"Ponta Grossa, PR","Dois Vizinhos, PR"
414,TR012,2023-01-19,2023-01-26,"Pato Branco, PR","Paranavaí, PR"
415,TR004,2023-12-05,2023-12-11,"Jandaia do Sul, PR","Foz do Iguaçu, PR"
416,TR002,2023-02-05,2023-02-11,"Matinhos, PR","Jandaia do Sul, PR"
417,TR007,2023-03-15,2023-03-17,"Apucarana, PR","Irati, PR"
418,TR002,2023-01-15,2023-01-20,"Ivaiporã, PR","Paranavaí, PR"
419,TR012,2023-10-11,2023-10-14,"Cascavel, PR","Medianeira, PR"
420,TR006,2023-07-10,2023-07-14,"Curitiba, PR","Jandaia do Sul, PR"
421,TR008,2023-04-09,2023-04-12,"Foz do Iguaçu, PR","Medianeira, PR"
422,TR012,2023-01-30,2023-02-05,"Santa Terezinha de Itaipu, PR","Antonina, PR"
423,TR007,2023-06-09,2023-06-12,"Terra Rica, PR","Guarapuava, PR"
424,TR010,2023-06-03,2023-06-07,"São José dos Pinhais, PR","Santa Terezinha de Itaipu, PR"
425,TR004,2023-01-12,2023-01-19,"Realeza, PR","Foz do Iguaçu, PR"
426,TR001,2023-07-26,2023-07-28,"Francisco Beltrão, PR","Araucária, PR"
427,TR009,2023-12-29,2023-12-31,"Apucarana, PR","Três Barras do Paraná, PR"
428,TR007,2023-01-31,2023-02-05,"Cianorte, PR","Cascavel, PR"
429,TR010,2023-04-13,2023-04-15,"Pinhais, PR","Paranavaí, PR"
430,TR005,2023-06-16,2023-06-18,"Ibiporã, PR","Santo Antônio da Platina, PR"
431,TR011,2023-06-19,2023-06-23,"Coronel Domingos Soares, PR","Ponta Grossa, PR"
432,TR007,2023-04-13,2023-04-17,"Castro, PR","Guarapuava, PR"
433,TR004,2023-07-11,2023-07-15,"Dois Vizinhos, PR","Apucarana, PR"
434,TR003,2023-06-04,2023-06-08,"Jacarezinho, PR","Antonina, PR"
435,TR002,2023-08-14,2023-08-21,"Dois Vizinhos, PR","Curitiba, PR"
436,TR012,2023-05-24,2023-05-26,"Palmas, PR","Foz do Iguaçu, PR"
437,TR001,2023-12-28,2023-12-30,"Jandaia do Sul, PR","Paranavaí, PR"
438,TR003,2023-08-26,2023-08-31,"Cascavel, PR","Pitanga, PR"
439,TR006,2023-01-26,2023-01-30,"Paranavaí, PR","Irati, PR"
440,TR007,2023-03-24,2023-03-26,"Antonina, PR","Matinhos, PR"
441,TR008,2023-11-01,2023-11-08,"Medianeira, PR","Londrina, PR"
442,TR011,2023-08-20,2023-08-26,"Guarapuava, PR","Santa Terezinha de Itaipu, PR"
443,TR003,2023-11-09,2023-11-15,"Paranaguá, PR","Apucarana, PR"
444,TR004,2023-06-23,2023-06-29,"Dois Vizinhos, PR","União da Vitória, PR"
445,TR001,2023-05-02,2023-05-08,"Dois Vizinhos, PR","Cascavel, PR"
446,TR007,2023-02-04,2023-02-09,"Toledo, PR","Medianeira, PR"
447,TR009,2023-08-17,2023-08-24,"Pinhais, PR","Terra Rica, PR"
448,TR011,2023-11-17,2023-11-19,"Coronel Domingos Soares, PR","Arapongas, PR"
449,TR008,2023-06-10,2023-06-14,"Ibiporã, PR","Apucarana, PR"
450,TR002,2023-08-13,2023-08-18,"União da Vitória, PR","Arapongas, PR"
451,TR003,2023-07-04,2023-07-07,"Pinhais, PR","São José dos Pinhais, PR"
452,TR001,2023-10-07,2023-10-14,"Telêmaco Borba, PR","Paranaguá, PR"
453,TR001,2023-01-07,2023-01-14,"Cascavel, PR","Castro, PR"
454,TR007,2023-06-13,2023-06-19,"União da Vitória, PR","Cascavel, PR"
455,TR003,2023-03-15,2023-03-19,"Santa Terezinha de Itaipu, PR","Santo Antônio da Platina, PR"
456,TR007,2023-08-22,2023-08-28,"Londrina, PR","Cascavel, PR"
457,TR008,2023-04-13,2023-04-17,"Santa Terezinha de Itaipu, PR","Londrina, PR"
458,TR006,2023-05-06,2023-05-11,"Lunardelli, PR","Cianorte, PR"
459,TR009,2023-04-15,2023-04-19,"Francisco Beltrão, PR","Realeza, PR"
460,TR011,2023-07-28,2023-07-29,"Ponta Grossa, PR","Cascavel, PR"
461,TR011,2023-01-03,2023-01-08,"Irati, PR","Ponta Grossa, PR"
462,TR007,2023-11-06,2023-11-13,"Curitiba, PR","Londrina, PR"
463,TR008,2023-01-16,2023-01-21,"Arapongas, PR","Telêmaco Borba, PR"
464,TR005,2023-05-20,2023-05-23,"Toledo, PR","Londrina, PR"
465,TR002,2023-02-22,2023-02-26,"Ivaiporã, PR","Toledo, PR"
466,TR009,2023-03-22,2023-03-23,"Santo Antônio da Platina, PR","Ivaiporã, PR"
467,TR006,2023-02-17,2023-02-22,"Telêmaco Borba, PR","Lunardelli, PR"
468,TR007,2023-02-10,2023-02-14,"Apucarana, PR","Ivaiporã, PR"
469,TR008,2023-01-21,2023-01-22,"Cascavel, PR","Foz do Iguaçu, PR"
470,TR001,2023-04-27,2023-04-28,"Guarapuava, PR","Ponta Grossa, PR"
471,TR009,2023-05-29,2023-06-04,"Santa Terezinha de Itaipu, PR","Arapongas, PR"
472,TR010,2023-09-08,2023-09-15,"Três Barras do Paraná, PR","Paranaguá, PR"
473,TR008,2023-08-15,2023-08-19,"Ivaiporã, PR","São José dos Pinhais, PR"
474,TR001,2023-12-11,2023-12-13,"Medianeira, PR","Ivaiporã, PR"
475,TR004,2023-12-14,2023-12-20,"Arapongas, PR","Cianorte, PR"
476,TR009,2023-08-30,2023-09-05,"Lunardelli, PR","Irati, PR"
477,TR003,2023-10-12,2023-10-13,"Três Barras do Paraná, PR","Cianorte, PR"
478,TR001,2023-03-19,2023-03-25,"Palmas, PR","Lunardelli, PR"
479,TR012,2023-04-23,2023-04-27,"Palmas, PR","Ibiporã, PR"
480,TR004,2023-01-10,2023-01-14,"Coronel Domingos Soares, PR","Palmas, PR"
481,TR008,2023-09-20,2023-09-24,"Foz do Iguaçu, PR","Apucarana, PR"
482,TR005,2023-09-24,2023-09-30,"Ponta Grossa, PR","Ibiporã, PR"
483,TR001,2023-04-04,2023-04-10,"Santa Terezinha de Itaipu, PR","Cianorte, PR"
484,TR009,2023-08-12,2023-08-18,"Antonina, PR","Ponta Grossa, PR"
485,TR010,2023-12-01,2023-12-03,"Realeza, PR","Jacarezinho, PR"
486,TR005,2023-03-01,2023-03-06,"Pato Branco, PR","Três Barras do Paraná, PR"
487,TR005,2023-05-16,2023-05-20,"Apucarana, PR","Araucária, PR"
488,TR001,2023-12-01,2023-12-03,"Santo Antônio da Platina, PR","Cianorte, PR"
489,TR010,2023-12-19,2023-12-26,"Lunardelli, PR","Paranaguá, PR"
490,TR001,2023-07-08,2023-07-11,"Foz do Iguaçu, PR","Jandaia do Sul, PR"
491,TR006,2023-09-22,2023-09-27,"Santa Terezinha de Itaipu, PR","Medianeira, PR"
492,TR004,2023-10-17,2023-10-20,"São José dos Pinhais, PR","Londrina, PR"
493,TR011,2023-08-30,2023-09-01,"Curitiba, PR","Irati, PR"
494,TR010,2023-08-07,2023-08-13,"Marechal Cândido Rondon, PR","Ivaiporã, PR"
495,TR009,2023-06-07,2023-06-14,"Cascavel, PR","Araucária, PR"
496,TR007,2023-09-29,2023-10-01,"Coronel Domingos Soares, PR","Paranavaí, PR"
497,TR008,2023-11-05,2023-11-10,"Paranaguá, PR","União da Vitória, PR"
498,TR001,2023-12-11,2023-12-13,"Paranavaí, PR","Coronel Domingos Soares, PR"
499,TR002,2023-07-30,2023-08-04,"Foz do Iguaçu, PR","Ivaiporã, PR"
500,TR009,2023-05-01,2023-05-02,"Cascavel, PR","Londrina, PR"
501,TR008,2023-08-31,2023-09-04,"São José dos Pinhais, PR","Santo Antônio da Platina, PR"
502,TR006,2023-06-11,2023-06-17,"Coronel Domingos Soares, PR","Realeza, PR"
503,TR003,2023-06-23,2023-06-28,"Araucária, PR","Marechal Cândido Rondon, PR"
504,TR009,2023-01-23,2023-01-27,"Pato Branco, PR","Araucária, PR"
505,TR001,2023-02-17,2023-02-18,"Lunardelli, PR","Realeza, PR"
506,TR011,2023-06-21,2023-06-25,"Curitiba, PR","Cianorte, PR"
507,TR011,2023-08-17,2023-08-21,"Araucária, PR","Paranaguá, PR"
508,TR012,2023-02-01,2023-02-08,"Três Barras do Paraná, PR","Telêmaco Borba, PR"
509,TR008,2023-09-26,2023-10-01,"Apucarana, PR","Paranavaí, PR"
510,TR009,2023-08-11,2023-08-16,"União da Vitória, PR","Marechal Cândido Rondon, PR"
511,TR009,2023-09-03,2023-09-10,"Marechal Cândido Rondon, PR","Curitiba, PR"
512,TR004,2023-10-01,2023-10-04,"Foz do Iguaçu, PR","Lunardelli, PR"
513,TR001,2023-01-20,2023-01-25,"Irati, PR","Toledo, PR"
514,TR009,2023-02-01,2023-02-08,"Coronel Domingos Soares, PR","Medianeira, PR"
515,TR010,2023-01-25,2023-02-01,"Marechal Cândido Rondon, PR","Ponta Grossa, PR"
516,TR011,2023-03-10,2023-03-11,"Pato Branco, PR","Curitiba, PR"
517,TR008,2023-01-08,2023-01-11,"Marechal Cândido Rondon, PR","Ponta Grossa, PR"
518,TR001,2023-11-07,2023-11-13,"Santo Antônio da Platina, PR","Ibiporã, PR"
519,TR010,2023-06-30,2023-07-06,"Francisco Beltrão, PR","Toledo, PR"
520,TR002,2023-08-01,2023-08-03,"Paranaguá, PR","Arapongas, PR"
521,TR009,2023-06-23,2023-06-24,"Três Barras do Paraná, PR","Ivaiporã, PR"
522,TR002,2023-07-16,2023-07-23,"Pinhais, PR","Três Barras do Paraná, PR"
523,TR004,2023-07-24,2023-07-31,"Curitiba, PR","Paranaguá, PR"
524,TR010,2023-03-23,2023-03-25,"Cianorte, PR","Irati, PR"
525,TR012,2023-12-05,2023-12-06,"União da Vitória, PR","Santa Terezinha de Itaipu, PR"
526,TR004,2023-09-24,2023-09-28,"Três Barras do Paraná, PR","Apucarana, PR"
527,TR006,2023-06-03,2023-06-06,"Ponta Grossa, PR","Irati, PR"
528,TR004,2023-05-17,2023-05-24,"Santa Terezinha de Itaipu, PR","Medianeira, PR"
529,TR004,2023-10-09,2023-10-14,"Coronel Domingos Soares, PR","Pato Branco, PR"
530,TR011,2023-05-02,2023-05-05,"Cianorte, PR","Ponta Grossa, PR"
531,TR012,2023-12-24,2023-12-31,"Marechal Cândido Rondon, PR","Dois Vizinhos, PR"
532,TR008,2023-05-22,2023-05-26,"Dois Vizinhos, PR","Medianeira, PR"
533,TR009,2023-05-31,2023-06-03,"Antonina, PR","Londrina, PR"
534,TR008,2023-03-31,2023-04-02,"Três Barras do Paraná, PR","Cascavel, PR"
535,TR008,2023-05-13,2023-05-20,"Dois Vizinhos, PR","Paranavaí, PR"
536,TR002,2023-10-28,2023-11-04,"União da Vitória, PR","Marechal Cândido Rondon, PR"
537,TR009,2023-05-25,2023-05-27,"Londrina, PR","Paranaguá, PR"
538,TR003,2023-04-15,2023-04-17,"Toledo, PR","Terra Rica, PR"
539,TR006,2023-08-15,2023-08-22,"Coronel Domingos Soares, PR","Pato Branco, PR"
540,TR011,2023-05-05,2023-05-08,"Marechal Cândido Rondon, PR","Arapongas, PR"
541,TR012,2023-05-07,2023-05-14,"Telêmaco Borba, PR","Pinhais, PR"
542,TR001,2023-12-01,2023-12-07,"Cascavel, PR","Realeza, PR"
543,TR001,2023-11-17,2023-11-24,"Pitanga, PR","Ibiporã, PR"
544,TR010,2023-05-30,2023-06-04,"Curitiba, PR","Dois Vizinhos, PR"
545,TR012,2023-07-25,2023-07-29,"Foz do Iguaçu, PR","Curitiba, PR"
546,TR010,2023-01-29,2023-02-03,"São José dos Pinhais, PR","Marechal Cândido Rondon, PR"
547,TR010,2023-06-08,2023-06-14,"Ibiporã, PR","Ponta Grossa, PR"
548,TR009,2023-05-04,2023-05-11,"Ivaiporã, PR","Realeza, PR"
549,TR010,2023-09-23,2023-09-28,"Curitiba, PR","Santo Antônio da Platina, PR"
550,TR010,2023-07-14,2023-07-18,"Realeza, PR","Paranavaí, PR"
551,TR009,2023-06-18,2023-06-20,"Cianorte, PR","Medianeira, PR"
552,TR011,2023-01-03,2023-01-08,"Palmas, PR","Irati, PR"
553,TR003,2023-07-14,2023-07-19,"Matinhos, PR","Arapongas, PR"
554,TR002,2023-07-14,2023-07-20,"Lunardelli, PR","Três Barras do Paraná, PR"
555,TR001,2023-05-27,2023-05-28,"Irati, PR","Cianorte, PR"
556,TR008,2023-11-18,2023-11-25,"Jacarezinho, PR","Londrina, PR"
557,TR002,2023-12-15,2023-12-17,"Lunardelli, PR","Marechal Cândido Rondon, PR"
558,TR006,2023-09-20,2023-09-21,"Matinhos, PR","Ponta Grossa, PR"
559,TR012,2023-10-16,2023-10-20,"Ibiporã, PR","Coronel Domingos Soares, PR"
560,TR012,2023-02-05,2023-02-09,"Castro, PR","Medianeira, PR"
561,TR001,2023-12-23,2023-12-29,"São José dos Pinhais, PR","Apucarana, PR"
562,TR008,2023-05-02,2023-05-08,"Cascavel, PR","Foz do Iguaçu, PR"
563,TR006,2023-08-08,2023-08-13,"Telêmaco Borba, PR","Paranaguá, PR"
564,TR010,2023-03-08,2023-03-10,"Cascavel, PR","Araucária, PR"
565,TR005,2023-02-04,2023-02-11,"Três Barras do Paraná, PR","Dois Vizinhos, PR"
566,TR005,2023-01-30,2023-02-02,"Ivaiporã, PR","Paranavaí, PR"
567,TR009,2023-08-09,2023-08-14,"Terra Rica, PR","Paranaguá, PR"
568,TR001,2023-05-30,2023-05-31,"Jacarezinho, PR","Santo Antônio da Platina, PR"
569,TR011,2023-06-10,2023-06-16,"São José dos Pinhais, PR","Palmas, PR"
570,TR009,2023-04-24,2023-04-25,"Jandaia do Sul, PR","Guarapuava, PR"
571,TR008,2023-06-30,2023-07-04,"Londrina, PR","Ivaiporã, PR"
572,TR011,2023-06-04,2023-06-08,"Dois Vizinhos, PR","Medianeira, PR"
573,TR001,2023-05-11,2023-05-17,"União da Vitória, PR","Guarapuava, PR"
574,TR001,2023-10-26,2023-11-01,"Lunardelli, PR","União da Vitória, PR"
575,TR001,2023-10-02,2023-10-05,"Antonina, PR","Cascavel, PR"
576,TR012,2023-08-22,2023-08-26,"Pitanga, PR","Três Barras do Paraná, PR"
577,TR006,2023-05-16,2023-05-21,"Jacarezinho, PR","Apucarana, PR"
578,TR007,2023-05-23,2023-05-24,"São José dos Pinhais, PR","Pitanga, PR"
579,TR004,2023-04-27,2023-04-30,"Jandaia do Sul, PR","Castro, PR"
580,TR001,2023-11-05,2023-11-07,"Jandaia do Sul, PR","Curitiba, PR"
581,TR011,2023-05-18,2023-05-22,"Ibiporã, PR","Arapongas, PR"
582,TR011,2023-08-15,2023-08-17,"Cianorte, PR","Cascavel, PR"
583,TR005,2023-03-15,2023-03-16,"Telêmaco Borba, PR","Pitanga, PR"
584,TR006,2023-01-16,2023-01-19,"Coronel Domingos Soares, PR","Pitanga, PR"
585,TR001,2023-12-25,2023-12-28,"União da Vitória, PR","Terra Rica, PR"
586,TR003,2023-11-30,2023-12-06,"Antonina, PR","Jacarezinho, PR"
587,TR006,2023-02-25,2023-03-03,"Coronel Domingos Soares, PR","Curitiba, PR"
588,TR011,2023-10-08,2023-10-13,"Coronel Domingos Soares, PR","Pitanga, PR"
589,TR012,2023-01-22,2023-01-29,"Lunardelli, PR","Antonina, PR"
590,TR003,2023-01-07,2023-01-10,"Três Barras do Paraná, PR","Matinhos, PR"
591,TR009,2023-06-19,2023-06-21,"Foz do Iguaçu, PR","Terra Rica, PR"
592,TR012,2023-06-11,2023-06-16,"Lunardelli, PR","Foz do Iguaçu, PR"
593,TR004,2023-01-17,2023-01-23,"Cascavel, PR","Santa Terezinha de Itaipu, PR"
594,TR007,2023-12-10,2023-12-17,"Apucarana, PR","Curitiba, PR"
595,TR007,2023-03-15,2023-03-19,"Três Barras do Paraná, PR","Curitiba, PR"
596,TR012,2023-02-04,2023-02-05,"Foz do Iguaçu, PR","Guarapuava, PR"
597,TR008,2023-07-20,2023-07-26,"Telêmaco Borba, PR","Apucarana, PR"
598,TR006,2023-06-02,2023-06-03,"Telêmaco Borba, PR","Londrina, PR"
599,TR001,2023-07-06,2023-07-09,"São José dos Pinhais, PR","Palmas, PR"
600,TR003,2023-04-12,2023-04-19,"Ibiporã, PR","Guarapuava, PR"
601,TR004,2023-02-20,2023-02-25,"Paranaguá, PR","Jacarezinho, PR"
602,TR011,2023-07-05,2023-07-11,"Lunardelli, PR","União da Vitória, PR"
603,TR006,2023-04-08,2023-04-10,"Apucarana, PR","Palmas, PR"
604,TR005,2023-12-23,2023-12-25,"Pitanga, PR","Marechal Cândido Rondon, PR"
605,TR009,2023-07-08,2023-07-09,"Pinhais, PR","Paranaguá, PR"
606,TR004,2023-11-17,2023-11-18,"Palmas, PR","Araucária, PR"
607,TR010,2023-10-26,2023-11-02,"Guarapuava, PR","Francisco Beltrão, PR"
608,TR003,2023-07-12,2023-07-18,"Toledo, PR","Ivaiporã, PR"
609,TR011,2023-01-30,2023-02-03,"Ivaiporã, PR","Pinhais, PR"
610,TR003,2023-06-20,2023-06-27,"Realeza, PR","Guarapuava, PR"
611,TR009,2023-11-01,2023-11-08,"Pato Branco, PR","São José dos Pinhais, PR"
612,TR002,2023-04-26,2023-05-02,"Dois Vizinhos, PR","Três Barras do Paraná, PR"
613,TR009,2023-04-04,2023-04-07,"Pinhais, PR","Irati, PR"
614,TR005,2023-10-18,2023-10-20,"Três Barras do Paraná, PR","Pato Branco, PR"
615,TR012,2023-11-22,2023-11-28,"Toledo, PR","Guarapuava, PR"
616,TR011,2023-01-27,2023-02-02,"Jacarezinho, PR","Dois Vizinhos, PR"
617,TR006,2023-05-03,2023-05-08,"Dois Vizinhos, PR","Coronel Domingos Soares, PR"
618,TR002,2023-10-01,2023-10-07,"Ibiporã, PR","Arapongas, PR"
619,TR010,2023-05-02,2023-05-05,"Coronel Domingos Soares, PR","Apucarana, PR"
620,TR007,2023-12-07,2023-12-13,"São José dos Pinhais, PR","Coronel Domingos Soares, PR"
621,TR001,2023-11-24,2023-11-28,"Toledo, PR","Matinhos, PR"
622,TR007,2023-01-21,2023-01-24,"Jacarezinho, PR","Santo Antônio da Platina, PR"
623,TR005,2023-03-21,2023-03-25,"Ivaiporã, PR","Paranaguá, PR"
624,TR004,2023-12-20,2023-12-22,"Irati, PR","Pinhais, PR"
625,TR008,2023-10-12,2023-10-18,"Guarapuava, PR","Irati, PR"
626,TR004,2023-09-23,2023-09-29,"Cianorte, PR","Londrina, PR"
627,TR010,2023-03-07,2023-03-11,"Apucarana, PR","Telêmaco Borba, PR"
628,TR003,2023-01-16,2023-01-20,"São José dos Pinhais, PR","Medianeira, PR"
629,TR003,2023-05-26,2023-05-27,"Ponta Grossa, PR","Arapongas, PR"
630,TR004,2023-08-19,2023-08-24,"Pitanga, PR","Ponta Grossa, PR"
631,TR008,2023-11-18,2023-11-24,"Terra Rica, PR","Curitiba, PR"
632,TR010,2023-04-14,2023-04-16,"Arapongas, PR","Cascavel, PR"
633,TR011,2023-06-22,2023-06-24,"Palmas, PR","Matinhos, PR"
634,TR003,2023-11-10,2023-11-12,"Coronel Domingos Soares, PR","Pato Branco, PR"
635,TR008,2023-10-08,2023-10-11,"Três Barras do Paraná, PR","Paranaguá, PR"
636,TR011,2023-08-24,2023-08-27,"Pato Branco, PR","Santa Terezinha de Itaipu, PR"
637,TR008,2023-02-28,2023-03-03,"Castro, PR","Coronel Domingos Soares, PR"
638,TR006,2023-03-28,2023-03-30,"Apucarana, PR","Telêmaco Borba, PR"
639,TR012,2023-02-25,2023-03-01,"Coronel Domingos Soares, PR","Castro, PR"
640,TR007,2023-05-26,2023-05-27,"Paranavaí, PR","Francisco Beltrão, PR"
641,TR008,2023-07-29,2023-08-05,"Ivaiporã, PR","Pinhais, PR"
642,TR005,2023-10-08,2023-10-14,"Marechal Cândido Rondon, PR","União da Vitória, PR"
643,TR008,2023-02-06,2023-02-10,"Pitanga, PR","Dois Vizinhos, PR"
644,TR006,2023-05-25,2023-05-30,"Pinhais, PR","Jacarezinho, PR"
645,TR006,2023-02-08,2023-02-09,"Pitanga, PR","Coronel Domingos Soares, PR"
646,TR005,2023-02-12,2023-02-16,"Coronel Domingos Soares, PR","Santo Antônio da Platina, PR"
647,TR012,2023-08-08,2023-08-15,"Pitanga, PR","Pato Branco, PR"
648,TR010,2023-12-20,2023-12-21,"Toledo, PR","Apucarana, PR"
649,TR006,2023-11-16,2023-11-20,"Ivaiporã, PR","Araucária, PR"
650,TR003,2023-04-04,2023-04-10,"Antonina, PR","Pinhais, PR"
651,TR003,2023-08-06,2023-08-11,"São José dos Pinhais, PR","Paranaguá, PR"
652,TR003,2023-03-02,2023-03-09,"Arapongas, PR","Paranaguá, PR"
653,TR006,2023-08-06,2023-08-12,"Telêmaco Borba, PR","Ibiporã, PR"
654,TR008,2023-11-22,2023-11-29,"Paranaguá, PR","Curitiba, PR"
655,TR009,2023-01-23,2023-01-27,"Cianorte, PR","Pato Branco, PR"
656,TR008,2023-02-20,2023-02-23,"Pitanga, PR","Irati, PR"
657,TR010,2023-03-22,2023-03-29,"São José dos Pinhais, PR","Terra Rica, PR"
658,TR012,2023-11-15,2023-11-16,"Foz do Iguaçu, PR","Castro, PR"
659,TR001,2023-10-06,2023-10-10,"Santo Antônio da Platina, PR","Curitiba, PR"
660,TR004,2023-09-12,2023-09-18,"Ponta Grossa, PR","Pinhais, PR"
661,TR003,2023-08-08,2023-08-15,"Guarapuava, PR","Cianorte, PR"
662,TR012,2023-08-18,2023-08-25,"Jandaia do Sul, PR","Apucarana, PR"
663,TR005,2023-11-04,2023-11-11,"Lunardelli, PR","Guarapuava, PR"
664,TR012,2023-07-10,2023-07-15,"Lunardelli, PR","Antonina, PR"
665,TR005,2023-02-22,2023-03-01,"Foz do Iguaçu, PR","Jacarezinho, PR"
666,TR004,2023-09-13,2023-09-20,"Ponta Grossa, PR","Araucária, PR"
667,TR005,2023-03-10,2023-03-13,"Terra Rica, PR","Londrina, PR"
668,TR011,2023-03-18,2023-03-20,"Apucarana, PR","Matinhos, PR"
669,TR009,2023-09-12,2023-09-18,"Terra Rica, PR","Palmas, PR"
670,TR012,2023-05-15,2023-05-20,"Santa Terezinha de Itaipu, PR","Dois Vizinhos, PR"
671,TR004,2023-07-05,2023-07-08,"Dois Vizinhos, PR","Guarapuava, PR"
672,TR002,2023-05-17,2023-05-19,"Medianeira, PR","União da Vitória, PR"
673,TR001,2023-12-26,2023-12-27,"Pitanga, PR","Pato Branco, PR"
674,TR006,2023-10-29,2023-11-02,"Arapongas, PR","Curitiba, PR"
675,TR010,2023-02-05,2023-02-09,"São José dos Pinhais, PR","Matinhos, PR"
676,TR010,2023-10-18,2023-10-24,"Pato Branco, PR","Irati, PR"
677,TR004,2023-09-18,2023-09-21,"Lunardelli, PR","Curitiba, PR"
678,TR003,2023-12-30,2023-12-31,"Dois Vizinhos, PR","São José dos Pinhais, PR"
679,TR007,2023-08-06,2023-08-11,"Pinhais, PR","Foz do Iguaçu, PR"
680,TR010,2023-01-31,2023-02-06,"Paranaguá, PR","Londrina, PR"
681,TR003,2023-11-08,2023-11-11,"Arapongas, PR","Apucarana, PR"
682,TR001,2023-01-20,2023-01-25,"União da Vitória, PR","Cianorte, PR"
683,TR008,2023-11-14,2023-11-21,"Irati, PR","Medianeira, PR"
684,TR004,2023-01-16,2023-01-23,"Medianeira, PR","São José dos Pinhais, PR"
685,TR012,2023-06-29,2023-07-03,"Jandaia do Sul, PR","Jacarezinho, PR"
686,TR008,2023-08-04,2023-08-11,"Coronel Domingos Soares, PR","Matinhos, PR"
687,TR004,2023-06-16,2023-06-18,"Terra Rica, PR","Lunardelli, PR"
688,TR002,2023-01-16,2023-01-18,"Três Barras do Paraná, PR","Dois Vizinhos, PR"
689,TR012,2023-01-30,2023-02-01,"Matinhos, PR","Medianeira, PR"
690,TR012,2023-10-11,2023-10-15,"Paranaguá, PR","Irati, PR"
691,TR006,2023-07-20,2023-07-22,"Dois Vizinhos, PR","Jacarezinho, PR"
692,TR008,2023-09-30,2023-10-07,"Paranaguá, PR","Pitanga, PR"
693,TR002,2023-07-26,2023-07-27,"Matinhos, PR","Jacarezinho, PR"
694,TR009,2023-02-09,2023-02-12,"Pitanga, PR","Matinhos, PR"
695,TR004,2023-08-13,2023-08-19,"Realeza, PR","Toledo, PR"
696,TR009,2023-06-06,2023-06-08,"Medianeira, PR","Francisco Beltrão, PR"
697,TR011,2023-08-29,2023-09-05,"Santa Terezinha de Itaipu, PR","Matinhos, PR"
698,TR012,2023-07-09,2023-07-11,"Matinhos, PR","Paranavaí, PR"
699,TR004,2023-01-26,2023-02-02,"Telêmaco Borba, PR","Coronel Domingos Soares, PR"
700,TR005,2023-10-18,2023-10-25,"Paranaguá, PR","Paranavaí, PR"
701,TR006,2023-01-24,2023-01-27,"Guarapuava, PR","Palmas, PR"
702,TR008,2023-03-25,2023-03-29,"Ponta Grossa, PR","Cianorte, PR"
703,TR008,2023-09-15,2023-09-20,"Francisco Beltrão, PR","Dois Vizinhos, PR"
704,TR010,2023-02-13,2023-02-16,"Foz do Iguaçu, PR","Jandaia do Sul, PR"
705,TR005,2023-08-20,2023-08-26,"Lunardelli, PR","Apucarana, PR"
706,TR006,2023-01-31,2023-02-02,"Pinhais, PR","Castro, PR"
707,TR004,2023-09-24,2023-09-30,"Antonina, PR","Foz do Iguaçu, PR"
708,TR005,2023-08-20,2023-08-25,"Dois Vizinhos, PR","Santa Terezinha de Itaipu, PR"
709,TR010,2023-05-18,2023-05-25,"Arapongas, PR","Pitanga, PR"
710,TR008,2023-10-20,2023-10-24,"Irati, PR","Arapongas, PR"
711,TR004,2023-04-14,2023-04-21,"Araucária, PR","Curitiba, PR"
712,TR012,2023-06-04,2023-06-06,"Paranaguá, PR","Matinhos, PR"
713,TR012,2023-06-17,2023-06-22,"Coronel Domingos Soares, PR","Guarapuava, PR"
714,TR008,2023-06-20,2023-06-26,"Paranavaí, PR","Apucarana, PR"
715,TR007,2023-10-04,2023-10-07,"Paranaguá, PR","Matinhos, PR"
716,TR002,2023-11-25,2023-12-01,"Paranavaí, PR","Londrina, PR"
717,TR007,2023-10-28,2023-10-29,"Apucarana, PR","Cianorte, PR"
718,TR005,2023-05-10,2023-05-15,"União da Vitória, PR","Curitiba, PR"
719,TR003,2023-08-23,2023-08-27,"Guarapuava, PR","Três Barras do Paraná, PR"
720,TR007,2023-03-21,2023-03-28,"Cianorte, PR","Apucarana, PR"
721,TR011,2023-03-01,2023-03-04,"Coronel Domingos Soares, PR","Lunardelli, PR"
722,TR001,2023-07-23,2023-07-29,"Francisco Beltrão, PR","Palmas, PR"
723,TR009,2023-08-29,2023-09-01,"Irati, PR","Lunardelli, PR"
724,TR003,2023-01-02,2023-01-03,"Ibiporã, PR","Castro, PR"
725,TR001,2023-09-15,2023-09-16,"Paranaguá, PR","Pinhais, PR"
726,TR004,2023-10-28,2023-10-31,"União da Vitória, PR","Antonina, PR"
727,TR011,2023-04-20,2023-04-26,"Toledo, PR","Ivaiporã, PR"
728,TR011,2023-05-09,2023-05-11,"Ibiporã, PR","Ivaiporã, PR"
729,TR004,2023-05-26,2023-06-01,"Medianeira, PR","Dois Vizinhos, PR"
730,TR003,2023-06-16,2023-06-23,"Coronel Domingos Soares, PR","Cascavel, PR"
731,TR011,2023-12-30,2024-01-05,"Lunardelli, PR","Guarapuava, PR"
732,TR003,2023-03-17,2023-03-20,"Realeza, PR","Jandaia do Sul, PR"
733,TR011,2023-07-22,2023-07-23,"Jandaia do Sul, PR","Apucarana, PR"
734,TR001,2023-01-01,2023-01-02,"Toledo, PR","Jandaia do Sul, PR"
735,TR008,2023-03-28,2023-03-30,"Jacarezinho, PR","São José dos Pinhais, PR"
736,TR011,2023-10-21,2023-10-25,"Dois Vizinhos, PR","Pitanga, PR"
737,TR007,2023-06-24,2023-06-29,"Marechal Cândido Rondon, PR","Ivaiporã, PR"
738,TR011,2023-03-19,2023-03-20,"Cascavel, PR","Coronel Domingos Soares, PR"
739,TR002,2023-10-05,2023-10-09,"Cascavel, PR","Ponta Grossa, PR"
740,TR012,2023-05-30,2023-06-05,"Cascavel, PR","Apucarana, PR"
741,TR011,2023-08-08,2023-08-15,"Palmas, PR","Antonina, PR"
742,TR008,2023-03-14,2023-03-19,"Ivaiporã, PR","Telêmaco Borba, PR"
743,TR012,2023-06-28,2023-06-29,"Guarapuava, PR","Apucarana, PR"
744,TR004,2023-04-16,2023-04-18,"Jacarezinho, PR","Antonina, PR"
745,TR012,2023-09-01,2023-09-06,"Ponta Grossa, PR","Santa Terezinha de Itaipu, PR"
746,TR001,2023-02-05,2023-02-09,"Marechal Cândido Rondon, PR","Arapongas, PR"
747,TR010,2023-12-17,2023-12-24,"Castro, PR","Ibiporã, PR"
748,TR002,2023-08-30,2023-09-05,"Marechal Cândido Rondon, PR","Apucarana, PR"
749,TR010,2023-03-23,2023-03-27,"Irati, PR","Telêmaco Borba, PR"
750,TR005,2023-03-23,2023-03-27,"Santo Antônio da Platina, PR","Paranavaí, PR"
751,TR001,2023-07-12,2023-07-15,"Marechal Cândido Rondon, PR","Pitanga, PR"
752,TR001,2023-02-10,2023-02-16,"Apucarana, PR","Ibiporã, PR"
753,TR012,2023-12-18,2023-12-21,"Terra Rica, PR","Coronel Domingos Soares, PR"
754,TR008,2023-06-10,2023-06-15,"Santo Antônio da Platina, PR","Telêmaco Borba, PR"
755,TR007,2023-09-17,2023-09-23,"Antonina, PR","Matinhos, PR"
756,TR006,2023-11-15,2023-11-22,"Paranaguá, PR","Paranavaí, PR"
757,TR006,2023-07-15,2023-07-20,"Ibiporã, PR","Pinhais, PR"
758,TR004,2023-09-02,2023-09-03,"Ibiporã, PR","Antonina, PR"
759,TR004,2023-09-10,2023-09-14,"Palmas, PR","Jandaia do Sul, PR"
760,TR010,2023-07-23,2023-07-29,"Lunardelli, PR","Santo Antônio da Platina, PR"
761,TR003,2023-07-02,2023-07-05,"Paranavaí, PR","Jacarezinho, PR"
762,TR002,2023-01-29,2023-02-01,"Cascavel, PR","Medianeira, PR"
763,TR005,2023-09-30,2023-10-06,"Apucarana, PR","Jacarezinho, PR"
764,TR010,2023-05-19,2023-05-22,"São José dos Pinhais, PR","Matinhos, PR"
765,TR004,2023-01-22,2023-01-29,"Irati, PR","São José dos Pinhais, PR"
766,TR012,2023-05-21,2023-05-26,"Paranavaí, PR","Três Barras do Paraná, PR"
767,TR003,2023-04-16,2023-04-20,"Telêmaco Borba, PR","Ponta Grossa, PR"
768,TR004,2023-05-13,2023-05-20,"Arapongas, PR","Ivaiporã, PR"
769,TR007,2023-05-25,2023-06-01,"Paranaguá, PR","Paranavaí, PR"
770,TR007,2023-03-14,2023-03-18,"Telêmaco Borba, PR","Lunardelli, PR"
771,TR012,2023-04-09,2023-04-15,"Antonina, PR","Telêmaco Borba, PR"
772,TR012,2023-09-25,2023-09-27,"Ivaiporã, PR","Pato Branco, PR"
773,TR009,2023-01-22,2023-01-29,"Jandaia do Sul, PR","Medianeira, PR"
774,TR009,2023-05-21,2023-05-25,"Antonina, PR","Medianeira, PR"
775,TR009,2023-03-01,2023-03-04,"Irati, PR","Apucarana, PR"
776,TR009,2023-12-25,2023-12-26,"Curitiba, PR","Três Barras do Paraná, PR"
777,TR003,2023-03-23,2023-03-24,"Castro, PR","Irati, PR"
778,TR005,2023-10-02,2023-10-06,"Foz do Iguaçu, PR","Paranavaí, PR"
779,TR009,2023-10-04,2023-10-09,"Antonina, PR","Jacarezinho, PR"
780,TR010,2023-02-12,2023-02-17,"Arapongas, PR","Medianeira, PR"
781,TR006,2023-02-21,2023-02-25,"Palmas, PR","Pato Branco, PR"
782,TR008,2023-06-28,2023-07-04,"Guarapuava, PR","Pato Branco, PR"
783,TR010,2023-05-21,2023-05-27,"Coronel Domingos Soares, PR","Foz do Iguaçu, PR"
784,TR007,2023-04-29,2023-05-02,"Palmas, PR","Coronel Domingos Soares, PR"
785,TR006,2023-03-25,2023-03-27,"Apucarana, PR","Foz do Iguaçu, PR"
786,TR012,2023-06-11,2023-06-14,"Pinhais, PR","Ivaiporã, PR"
787,TR009,2023-03-08,2023-03-11,"Paranavaí, PR","Irati, PR"
788,TR001,2023-01-19,2023-01-22,"União da Vitória, PR","Santa Terezinha de Itaipu, PR"
789,TR008,2023-12-07,2023-12-08,"Marechal Cândido Rondon, PR","Irati, PR"
790,TR011,2023-02-21,2023-02-25,"Paranavaí, PR","União da Vitória, PR"
791,TR007,2023-01-13,2023-01-17,"Matinhos, PR","Pinhais, PR"
792,TR010,2023-06-02,2023-06-07,"União da Vitória, PR","Santo Antônio da Platina, PR"
793,TR006,2023-04-13,2023-04-16,"Três Barras do Paraná, PR","Jacarezinho, PR"
794,TR004,2023-01-28,2023-02-03,"Toledo, PR","Dois Vizinhos, PR"
795,TR011,2023-12-14,2023-12-20,"São José dos Pinhais, PR","Curitiba, PR"
796,TR009,2023-07-29,2023-08-02,"Guarapuava, PR","Arapongas, PR"
797,TR003,2023-09-26,2023-10-01,"Marechal Cândido Rondon, PR","Cianorte, PR"
798,TR007,2023-10-08,2023-10-09,"Londrina, PR","Paranavaí, PR"
799,TR006,2023-06-27,2023-07-01,"Lunardelli, PR","Marechal Cândido Rondon, PR"
800,TR010,2023-11-07,2023-11-09,"Ivaiporã, PR","Foz do Iguaçu, PR"
801,TR001,2023-11-17,2023-11-23,"Irati, PR","São José dos Pinhais, PR"
802,TR008,2023-10-21,2023-10-26,"Marechal Cândido Rondon, PR","Palmas, PR"
803,TR001,2023-12-03,2023-12-04,"União da Vitória, PR","Jacarezinho, PR"
804,TR008,2023-03-19,2023-03-24,"União da Vitória, PR","Ponta Grossa, PR"
805,TR011,2023-09-02,2023-09-04,"Coronel Domingos Soares, PR","Matinhos, PR"
806,TR002,2023-10-05,2023-10-11,"Cianorte, PR","Paranaguá, PR"
807,TR009,2023-02-13,2023-02-16,"Araucária, PR","Paranavaí, PR"
808,TR011,2023-01-07,2023-01-10,"Pinhais, PR","Antonina, PR"
809,TR004,2023-11-01,2023-11-05,"União da Vitória, PR","Palmas, PR"
810,TR006,2023-03-31,2023-04-05,"São José dos Pinhais, PR","Santa Terezinha de Itaipu, PR"
811,TR002,2023-10-19,2023-10-26,"Araucária, PR","Coronel Domingos Soares, PR"
812,TR002,2023-03-19,2023-03-24,"Paranavaí, PR","Irati, PR"
813,TR009,2023-03-30,2023-04-05,"Antonina, PR","Santa Terezinha de Itaipu, PR"
814,TR012,2023-01-14,2023-01-19,"Paranaguá, PR","Terra Rica, PR"
815,TR004,2023-12-29,2023-12-30,"Palmas, PR","Arapongas, PR"
816,TR006,2023-06-16,2023-06-21,"Arapongas, PR","Ivaiporã, PR"
817,TR005,2023-01-16,2023-01-19,"Jandaia do Sul, PR","Francisco Beltrão, PR"
818,TR010,2023-04-17,2023-04-18,"Araucária, PR","São José dos Pinhais, PR"
819,TR009,2023-06-30,2023-07-01,"Araucária, PR","Dois Vizinhos, PR"
820,TR006,2023-03-31,2023-04-03,"Cascavel, PR","Ibiporã, PR"
821,TR005,2023-01-23,2023-01-25,"Curitiba, PR","Toledo, PR"
822,TR004,2023-10-13,2023-10-20,"Pinhais, PR","Cascavel, PR"
823,TR005,2023-02-03,2023-02-07,"Pato Branco, PR","Araucária, PR"
824,TR002,2023-12-10,2023-12-13,"Jacarezinho, PR","União da Vitória, PR"
825,TR009,2023-02-02,2023-02-05,"Coronel Domingos Soares, PR","Medianeira, PR"
826,TR005,2023-04-12,2023-04-13,"Santa Terezinha de Itaipu, PR","Medianeira, PR"
827,TR004,2023-09-01,2023-09-06,"Santa Terezinha de Itaipu, PR","Toledo, PR"
828,TR001,2023-03-02,2023-03-08,"Curitiba, PR","Jandaia do Sul, PR"
829,TR010,2023-01-03,2023-01-10,"Pitanga, PR","Francisco Beltrão, PR"
830,TR002,2023-08-31,2023-09-02,"Pitanga, PR","Pinhais, PR"
831,TR005,2023-12-08,2023-12-13,"Santa Terezinha de Itaipu, PR","Castro, PR"
832,TR008,2023-01-09,2023-01-14,"Ivaiporã, PR","Pinhais, PR"
833,TR001,2023-04-28,2023-05-02,"Jacarezinho, PR","Cascavel, PR"
834,TR001,2023-06-05,2023-06-08,"Antonina, PR","Terra Rica, PR"
835,TR008,2023-07-03,2023-07-08,"Marechal Cândido Rondon, PR","Cianorte, PR"
836,TR010,2023-02-25,2023-03-03,"Coronel Domingos Soares, PR","Castro, PR"
837,TR008,2023-06-30,2023-07-05,"Antonina, PR","Terra Rica, PR"
838,TR012,2023-11-16,2023-11-22,"Palmas, PR","Jandaia do Sul, PR"
839,TR003,2023-02-15,2023-02-19,"Castro, PR","São José dos Pinhais, PR"
840,TR010,2023-07-29,2023-08-03,"Três Barras do Paraná, PR","Pinhais, PR"
841,TR007,2023-06-25,2023-07-01,"Telêmaco Borba, PR","Santo Antônio da Platina, PR"
842,TR004,2023-07-10,2023-07-17,"Telêmaco Borba, PR","Ibiporã, PR"
843,TR008,2023-05-25,2023-05-27,"Paranaguá, PR","Coronel Domingos Soares, PR"
844,TR006,2023-11-12,2023-11-15,"Arapongas, PR","União da Vitória, PR"
845,TR006,2023-04-10,2023-04-13,"Paranaguá, PR","Medianeira, PR"
846,TR004,2023-02-13,2023-02-14,"Guarapuava, PR","Arapongas, PR"
847,TR002,2023-11-19,2023-11-25,"Pinhais, PR","Ponta Grossa, PR"
848,TR010,2023-03-22,2023-03-25,"Realeza, PR","Santo Antônio da Platina, PR"
849,TR002,2023-03-29,2023-03-30,"Medianeira, PR","Lunardelli, PR"
850,TR008,2023-06-21,2023-06-28,"Ibiporã, PR","Jacarezinho, PR"
851,TR006,2023-08-23,2023-08-25,"Arapongas, PR","Terra Rica, PR"
852,TR001,2023-09-01,2023-09-08,"Medianeira, PR","Antonina, PR"
853,TR002,2023-05-09,2023-05-16,"Realeza, PR","Ponta Grossa, PR"
854,TR001,2023-05-05,2023-05-09,"Antonina, PR","Lunardelli, PR"
855,TR007,2023-01-01,2023-01-03,"Paranaguá, PR","Foz do Iguaçu, PR"
856,TR012,2023-07-02,2023-07-09,"Terra Rica, PR","Guarapuava, PR"
857,TR011,2023-12-21,2023-12-24,"Três Barras do Paraná, PR","Palmas, PR"
858,TR010,2023-12-23,2023-12-29,"Pinhais, PR","Antonina, PR"
859,TR004,2023-11-14,2023-11-16,"Paranavaí, PR","Medianeira, PR"
860,TR010,2023-04-27,2023-05-01,"Três Barras do Paraná, PR","Irati, PR"
861,TR007,2023-02-07,2023-02-08,"Palmas, PR","Pinhais, PR"
862,TR003,2023-08-21,2023-08-24,"Curitiba, PR","Santa Terezinha de Itaipu, PR"
863,TR007,2023-04-28,2023-05-04,"Ponta Grossa, PR","Londrina, PR"
864,TR001,2023-03-07,2023-03-11,"Castro, PR","Pitanga, PR"
865,TR011,2023-01-13,2023-01-16,"Telêmaco Borba, PR","Lunardelli, PR"
866,TR006,2023-01-02,2023-01-04,"Irati, PR","Telêmaco Borba, PR"
867,TR009,2023-03-29,2023-04-01,"Terra Rica, PR","Paranavaí, PR"
868,TR005,2023-12-08,2023-12-14,"Cascavel, PR","Matinhos, PR"
869,TR010,2023-09-20,2023-09-26,"Terra Rica, PR","União da Vitória, PR"
870,TR002,2023-07-16,2023-07-23,"Dois Vizinhos, PR","União da Vitória, PR"
871,TR001,2023-03-26,2023-03-27,"Santa Terezinha de Itaipu, PR","Antonina, PR"
872,TR010,2023-06-24,2023-06-25,"União da Vitória, PR","Ivaiporã, PR"
873,TR004,2023-09-27,2023-10-04,"Jandaia do Sul, PR","Palmas, PR"
874,TR008,2023-06-24,2023-06-28,"Palmas, PR","Pato Branco, PR"
875,TR008,2023-04-04,2023-04-09,"Jandaia do Sul, PR","União da Vitória, PR"
876,TR003,2023-08-10,2023-08-14,"Arapongas, PR","Foz do Iguaçu, PR"
877,TR009,2023-08-24,2023-08-26,"Apucarana, PR","Guarapuava, PR"
878,TR005,2023-06-29,2023-06-30,"União da Vitória, PR","Francisco Beltrão, PR"
879,TR010,2023-08-04,2023-08-09,"Realeza, PR","Londrina, PR"
880,TR006,2023-01-09,2023-01-13,"Pinhais, PR","Francisco Beltrão, PR"
881,TR001,2023-10-21,2023-10-25,"Três Barras do Paraná, PR","Pitanga, PR"
882,TR005,2023-01-30,2023-02-06,"Santa Terezinha de Itaipu, PR","Paranavaí, PR"
883,TR007,2023-04-18,2023-04-24,"Lunardelli, PR","Toledo, PR"
884,TR005,2023-09-02,2023-09-06,"União da Vitória, PR","Pato Branco, PR"
885,TR010,2023-08-26,2023-08-30,"Coronel Domingos Soares, PR","Arapongas, PR"
886,TR008,2023-10-01,2023-10-05,"Francisco Beltrão, PR","Dois Vizinhos, PR"
887,TR009,2023-01-22,2023-01-29,"Antonina, PR","São José dos Pinhais, PR"
888,TR009,2023-02-26,2023-03-05,"São José dos Pinhais, PR","Pitanga, PR"
889,TR005,2023-12-24,2023-12-25,"Terra Rica, PR","Telêmaco Borba, PR"
890,TR008,2023-03-01,2023-03-07,"Palmas, PR","Medianeira, PR"
891,TR009,2023-05-05,2023-05-12,"Três Barras do Paraná, PR","Pitanga, PR"
892,TR010,2023-03-12,2023-03-15,"Francisco Beltrão, PR","São José dos Pinhais, PR"
893,TR011,2023-05-29,2023-06-04,"Coronel Domingos Soares, PR","Pinhais, PR"
894,TR012,2023-01-23,2023-01-28,"Pitanga, PR","Ibiporã, PR"
895,TR008,2023-01-08,2023-01-12,"Ivaiporã, PR","Pitanga, PR"
896,TR007,2023-07-02,2023-07-05,"Palmas, PR","Dois Vizinhos, PR"
897,TR002,2023-05-24,2023-05-30,"Pinhais, PR","Guarapuava, PR"
898,TR007,2023-05-25,2023-05-28,"Cascavel, PR","Medianeira, PR"
899,TR008,2023-09-09,2023-09-13,"Telêmaco Borba, PR","Pitanga, PR"
900,TR005,2023-04-10,2023-04-14,"Toledo, PR","Dois Vizinhos, PR"
901,TR012,2023-12-01,2023-12-05,"Santa Terezinha de Itaipu, PR","União da Vitória, PR"
902,TR011,2023-09-29,2023-10-03,"Realeza, PR","Araucária, PR"
903,TR011,2023-03-17,2023-03-23,"Guarapuava, PR","Três Barras do Paraná, PR"
904,TR008,2023-08-25,2023-08-27,"Pinhais, PR","Lunardelli, PR"
905,TR007,2023-09-28,2023-10-02,"Toledo, PR","São José dos Pinhais, PR"
906,TR006,2023-02-09,2023-02-11,"Ibiporã, PR","São José dos Pinhais, PR"
907,TR009,2023-01-14,2023-01-21,"Jacarezinho, PR","Ponta Grossa, PR"
908,TR001,2023-11-27,2023-12-04,"Londrina, PR","Ivaiporã, PR"
909,TR003,2023-12-29,2024-01-02,"Terra Rica, PR","Pitanga, PR"
910,TR010,2023-07-17,2023-07-21,"Pinhais, PR","Paranavaí, PR"
911,TR009,2023-08-06,2023-08-10,"Guarapuava, PR","Pitanga, PR"
912,TR003,2023-06-06,2023-06-12,"Cascavel, PR","União da Vitória, PR"
913,TR004,2023-02-11,2023-02-12,"Londrina, PR","Palmas, PR"
914,TR011,2023-09-24,2023-10-01,"Pitanga, PR","Castro, PR"
915,TR003,2023-09-22,2023-09-29,"Três Barras do Paraná, PR","Guarapuava, PR"
916,TR003,2023-04-24,2023-04-28,"Matinhos, PR","Araucária, PR"
917,TR012,2023-09-10,2023-09-14,"Pitanga, PR","Santa Terezinha de Itaipu, PR"
918,TR010,2023-02-07,2023-02-12,"Terra Rica, PR","Ibiporã, PR"
919,TR005,2023-08-07,2023-08-13,"Matinhos, PR","Jandaia do Sul, PR"
920,TR011,2023-09-09,2023-09-15,"Guarapuava, PR","Matinhos, PR"
921,TR010,2023-02-21,2023-02-26,"Pato Branco, PR","Ibiporã, PR"
922,TR010,2023-02-23,2023-02-28,"Ponta Grossa, PR","Matinhos, PR"
923,TR003,2023-08-17,2023-08-20,"Pitanga, PR","Paranavaí, PR"
924,TR012,2023-12-29,2023-12-30,"Jandaia do Sul, PR","Terra Rica, PR"
925,TR009,2023-12-20,2023-12-24,"Curitiba, PR","Palmas, PR"
926,TR001,2023-03-20,2023-03-27,"Terra Rica, PR","Três Barras do Paraná, PR"
927,TR005,2023-08-11,2023-08-16,"Londrina, PR","Realeza, PR"
928,TR012,2023-04-27,2023-05-01,"Ibiporã, PR","Londrina, PR"
929,TR004,2023-04-29,2023-05-01,"Jacarezinho, PR","Cascavel, PR"
930,TR008,2023-12-30,2024-01-03,"Santo Antônio da Platina, PR","Coronel Domingos Soares, PR"
931,TR004,2023-09-02,2023-09-05,"Paranavaí, PR","Ivaiporã, PR"
932,TR003,2023-07-03,2023-07-05,"Pato Branco, PR","Santa Terezinha de Itaipu, PR"
933,TR003,2023-09-07,2023-09-10,"Três Barras do Paraná, PR","Toledo, PR"
934,TR004,2023-03-04,2023-03-09,"Curitiba, PR","Realeza, PR"
935,TR008,2023-10-05,2023-10-07,"Castro, PR","Paranavaí, PR"
936,TR008,2023-03-05,2023-03-09,"Santa Terezinha de Itaipu, PR","Dois Vizinhos, PR"
937,TR001,2023-02-06,2023-02-07,"Realeza, PR","Lunardelli, PR"
938,TR003,2023-12-28,2023-12-29,"Ibiporã, PR","Castro, PR"
939,TR012,2023-09-20,2023-09-21,"Terra Rica, PR","Dois Vizinhos, PR"
940,TR011,2023-07-28,2023-08-02,"Palmas, PR","Pato Branco, PR"
941,TR003,2023-07-19,2023-07-24,"São José dos Pinhais, PR","Jacarezinho, PR"
942,TR002,2023-07-03,2023-07-05,"União da Vitória, PR","Araucária, PR"
943,TR008,2023-07-20,2023-07-26,"Antonina, PR","Foz do Iguaçu, PR"
944,TR007,2023-06-27,2023-06-29,"Cianorte, PR","Arapongas, PR"
945,TR001,2023-01-14,2023-01-16,"Foz do Iguaçu, PR","Santo Antônio da Platina, PR"
946,TR001,2023-10-15,2023-10-20,"Matinhos, PR","Jacarezinho, PR"
947,TR004,2023-11-02,2023-11-09,"Apucarana, PR","Pitanga, PR"
948,TR004,2023-08-29,2023-09-01,"Jandaia do Sul, PR","Paranaguá, PR"
949,TR004,2023-11-04,2023-11-10,"Foz do Iguaçu, PR","Ponta Grossa, PR"
950,TR009,2023-08-22,2023-08-27,"Londrina, PR","Pinhais, PR"
951,TR006,2023-06-05,2023-06-10,"Francisco Beltrão, PR","Ibiporã, PR"
952,TR003,2023-05-05,2023-05-06,"Coronel Domingos Soares, PR","Ivaiporã, PR"
953,TR008,2023-01-20,2023-01-27,"Irati, PR","Terra Rica, PR"
954,TR012,2023-11-10,2023-11-12,"Jandaia do Sul, PR","Santo Antônio da Platina, PR"
955,TR008,2023-10-30,2023-11-03,"Arapongas, PR","Três Barras do Paraná, PR"
956,TR008,2023-10-15,2023-10-16,"União da Vitória, PR","Cascavel, PR"
957,TR002,2023-05-30,2023-05-31,"Três Barras do Paraná, PR","Cascavel, PR"
958,TR004,2023-10-21,2023-10-23,"Ivaiporã, PR","Araucária, PR"
959,TR012,2023-03-18,2023-03-20,"Jacarezinho, PR","Guarapuava, PR"
960,TR011,2023-03-11,2023-03-13,"Telêmaco Borba, PR","Medianeira, PR"
961,TR010,2023-05-01,2023-05-04,"Foz do Iguaçu, PR","Terra Rica, PR"
962,TR005,2023-08-01,2023-08-05,"Ivaiporã, PR","Cascavel, PR"
963,TR001,2023-08-05,2023-08-09,"Matinhos, PR","Araucária, PR"
964,TR006,2023-04-08,2023-04-12,"Dois Vizinhos, PR","Londrina, PR"
965,TR002,2023-03-15,2023-03-16,"Pato Branco, PR","Santo Antônio da Platina, PR"
966,TR011,2023-07-04,2023-07-05,"Guarapuava, PR","Cascavel, PR"
967,TR002,2023-12-12,2023-12-14,"Telêmaco Borba, PR","Ivaiporã, PR"
968,TR010,2023-01-06,2023-01-11,"Terra Rica, PR","Cianorte, PR"
969,TR002,2023-04-10,2023-04-13,"Irati, PR","Pitanga, PR"
970,TR003,2023-09-21,2023-09-27,"Medianeira, PR","União da Vitória, PR"
971,TR009,2023-06-19,2023-06-21,"Terra Rica, PR","Toledo, PR"
972,TR009,2023-11-07,2023-11-11,"Santa Terezinha de Itaipu, PR","Foz do Iguaçu, PR"
973,TR012,2023-03-16,2023-03-22,"Jacarezinho, PR","Paranaguá, PR"
974,TR001,2023-03-19,2023-03-20,"Ivaiporã, PR","Lunardelli, PR"
975,TR009,2023-01-19,2023-01-21,"Marechal Cândido Rondon, PR","Araucária, PR"
976,TR009,2023-03-23,2023-03-28,"Arapongas, PR","Pato Branco, PR"
977,TR006,2023-11-19,2023-11-23,"Medianeira, PR","Três Barras do Paraná, PR"
978,TR011,2023-11-25,2023-11-27,"Matinhos, PR","Ponta Grossa, PR"
979,TR010,2023-08-05,2023-08-06,"Guarapuava, PR","Lunardelli, PR"
980,TR010,2023-08-11,2023-08-18,"Telêmaco Borba, PR","Cascavel, PR"
981,TR010,2023-01-25,2023-01-31,"Coronel Domingos Soares, PR","Jacarezinho, PR"
982,TR002,2023-05-28,2023-06-04,"Dois Vizinhos, PR","Arapongas, PR"
983,TR008,2023-02-19,2023-02-24,"Coronel Domingos Soares, PR","Araucária, PR"
984,TR010,2023-01-09,2023-01-11,"Antonina, PR","Cianorte, PR"
985,TR005,2023-03-21,2023-03-22,"Telêmaco Borba, PR","União da Vitória, PR"
986,TR001,2023-10-14,2023-10-18,"Santa Terezinha de Itaipu, PR","Arapongas, PR"
987,TR001,2023-01-19,2023-01-20,"Londrina, PR","Cascavel, PR"
988,TR010,2023-01-19,2023-01-25,"Medianeira, PR","Realeza, PR"
989,TR005,2023-04-21,2023-04-22,"Jacarezinho, PR","Toledo, PR"
990,TR002,2023-12-10,2023-12-13,"Paranaguá, PR","Medianeira, PR"
991,TR005,2023-04-22,2023-04-26,"Palmas, PR","Jacarezinho, PR"
992,TR005,2023-10-12,2023-10-13,"Ponta Grossa, PR","Arapongas, PR"
993,TR011,2023-03-28,2023-03-31,"Foz do Iguaçu, PR","Dois Vizinhos, PR"
994,TR002,2023-04-02,2023-04-07,"Matinhos, PR","Francisco Beltrão, PR"
995,TR009,2023-05-17,2023-05-21,"Toledo, PR","Jandaia do Sul, PR"
996,TR007,2023-01-22,2023-01-26,"Pato Branco, PR","Antonina, PR"
997,TR012,2023-10-24,2023-10-31,"Santa Terezinha de Itaipu, PR","Antonina, PR"
998,TR004,2023-10-30,2023-11-03,"Cascavel, PR","Toledo, PR"
999,TR007,2023-03-27,2023-04-01,"Ibiporã, PR","Ponta Grossa, PR"
1000,TR009,2023-09-27,2023-09-28,"Três Barras do Paraná, PR","Londrina, PR"
1001,TR006,2023-12-31,2024-01-01,"Ibiporã, PR","Pato Branco, PR"
1002,TR002,2023-10-30,2023-10-31,"Irati, PR","Toledo, PR"
1003,TR004,2023-01-05,2023-01-11,"Realeza, PR","Marechal Cândido Rondon, PR"
1004,TR008,2023-07-25,2023-07-26,"Londrina, PR","Cascavel, PR"
1005,TR009,2023-03-09,2023-03-13,"Apucarana, PR","Irati, PR"
1006,TR001,2023-11-06,2023-11-12,"Lunardelli, PR","Curitiba, PR"
1007,TR004,2023-05-26,2023-05-30,"Paranavaí, PR","Arapongas, PR"
1008,TR006,2023-06-01,2023-06-03,"Marechal Cândido Rondon, PR","Araucária, PR"
1009,TR009,2023-11-04,2023-11-11,"Matinhos, PR","Lunardelli, PR"
1010,TR005,2023-09-17,2023-09-22,"Antonina, PR","Matinhos, PR"
1011,TR010,2023-05-13,2023-05-16,"Apucarana, PR","Três Barras do Paraná, PR"
1012,TR007,2023-01-28,2023-01-30,"Antonina, PR","Araucária, PR"
1013,TR002,2023-02-18,2023-02-23,"Telêmaco Borba, PR","Medianeira, PR"
1014,TR009,2023-06-27,2023-06-29,"Marechal Cândido Rondon, PR","Ibiporã, PR"
1015,TR006,2023-05-30,2023-06-02,"Cascavel, PR","Toledo, PR"
1016,TR004,2023-06-04,2023-06-10,"Cascavel, PR","Londrina, PR"
1017,TR006,2023-05-21,2023-05-25,"Lunardelli, PR","Guarapuava, PR"
1018,TR008,2023-12-07,2023-12-08,"Castro, PR","Cascavel, PR"
1019,TR007,2023-06-02,2023-06-06,"Araucária, PR","Paranavaí, PR"
1020,TR001,2023-05-22,2023-05-24,"Francisco Beltrão, PR","Terra Rica, PR"
1021,TR004,2023-05-06,2023-05-13,"Antonina, PR","Matinhos, PR"
1022,TR009,2023-11-26,2023-11-29,"Medianeira, PR","Terra Rica, PR"
1023,TR002,2023-02-02,2023-02-08,"Telêmaco Borba, PR","Paranavaí, PR"
1024,TR004,2023-12-18,2023-12-21,"Pato Branco, PR","Coronel Domingos Soares, PR"
1025,TR003,2023-10-26,2023-10-29,"Terra Rica, PR","Arapongas, PR"
1026,TR011,2023-10-05,2023-10-11,"Cascavel, PR","Três Barras do Paraná, PR"
1027,TR004,2023-08-24,2023-08-27,"Ponta Grossa, PR","Antonina, PR"
1028,TR009,2023-08-13,2023-08-20,"Araucária, PR","Cascavel, PR"
1029,TR007,2023-07-17,2023-07-18,"Antonina, PR","Paranavaí, PR"
1030,TR003,2023-09-07,2023-09-13,"Ponta Grossa, PR","Cianorte, PR"
1031,TR002,2023-12-29,2024-01-05,"Guarapuava, PR","Realeza, PR"
1032,TR008,2023-09-30,2023-10-02,"Cianorte, PR","Santa Terezinha de Itaipu, PR"
1033,TR001,2023-08-17,2023-08-24,"Irati, PR","Paranaguá, PR"
1034,TR003,2023-04-25,2023-04-30,"Paranaguá, PR","Santa Terezinha de Itaipu, PR"
1035,TR012,2023-11-23,2023-11-28,"Realeza, PR","Guarapuava, PR"
1036,TR001,2023-08-12,2023-08-13,"União da Vitória, PR","Pitanga, PR"
1037,TR012,2023-12-16,2023-12-17,"União da Vitória, PR","Pinhais, PR"
1038,TR012,2023-01-16,2023-01-23,"Pinhais, PR","Cianorte, PR"
1039,TR004,2023-09-01,2023-09-06,"Cianorte, PR","Ivaiporã, PR"
1040,TR009,2023-03-28,2023-03-30,"Matinhos, PR","São José dos Pinhais, PR"
1041,TR008,2023-03-04,2023-03-09,"Cascavel, PR","Ivaiporã, PR"
1042,TR004,2023-08-08,2023-08-13,"Jacarezinho, PR","Terra Rica, PR"
1043,TR002,2023-10-20,2023-10-21,"Jandaia do Sul, PR","Toledo, PR"
1044,TR004,2023-02-05,2023-02-09,"Jacarezinho, PR","Toledo, PR"
1045,TR002,2023-11-24,2023-11-27,"União da Vitória, PR","Jandaia do Sul, PR"
1046,TR005,2023-08-22,2023-08-24,"Castro, PR","Santo Antônio da Platina, PR"
1047,TR001,2023-06-25,2023-06-29,"Pato Branco, PR","Ibiporã, PR"
1048,TR003,2023-06-27,2023-07-01,"Santo Antônio da Platina, PR","Antonina, PR"
1049,TR005,2023-03-09,2023-03-15,"Cianorte, PR","Antonina, PR"
1050,TR011,2023-07-19,2023-07-26,"Telêmaco Borba, PR","Foz do Iguaçu, PR"
1051,TR004,2023-01-26,2023-01-31,"Londrina, PR","Francisco Beltrão, PR"
1052,TR011,2023-06-10,2023-06-12,"Três Barras do Paraná, PR","Telêmaco Borba, PR"
1053,TR008,2023-07-31,2023-08-01,"Arapongas, PR","Francisco Beltrão, PR"
1054,TR011,2023-03-18,2023-03-24,"Londrina, PR","Araucária, PR"
1055,TR006,2023-05-23,2023-05-28,"Lunardelli, PR","Pinhais, PR"
1056,TR009,2023-12-12,2023-12-19,"Irati, PR","Arapongas, PR"
1057,TR002,2023-09-05,2023-09-09,"Matinhos, PR","Jandaia do Sul, PR"
1058,TR006,2023-08-11,2023-08-15,"Lunardelli, PR","Arapongas, PR"
1059,TR002,2023-01-26,2023-02-02,"Medianeira, PR","Castro, PR"
1060,TR011,2023-12-10,2023-12-17,"Ibiporã, PR","Terra Rica, PR"
1061,TR003,2023-05-22,2023-05-25,"Irati, PR","Foz do Iguaçu, PR"
1062,TR003,2023-01-28,2023-02-04,"Londrina, PR","Curitiba, PR"
1063,TR008,2023-10-17,2023-10-20,"Irati, PR","Curitiba, PR"
1064,TR006,2023-05-10,2023-05-15,"Terra Rica, PR","Palmas, PR"
1065,TR006,2023-12-04,2023-12-05,"Pinhais, PR","Toledo, PR"
1066,TR010,2023-04-19,2023-04-20,"Paranavaí, PR","Londrina, PR"
1067,TR005,2023-07-08,2023-07-10,"Três Barras do Paraná, PR","São José dos Pinhais, PR"
1068,TR006,2023-11-01,2023-11-07,"Santa Terezinha de Itaipu, PR","Guarapuava, PR"
1069,TR011,2023-12-19,2023-12-20,"Ibiporã, PR","Toledo, PR"
1070,TR003,2023-08-27,2023-08-31,"Jacarezinho, PR","Palmas, PR"
1071,TR007,2023-09-17,2023-09-21,"São José dos Pinhais, PR","Toledo, PR"
1072,TR009,2023-01-24,2023-01-29,"Matinhos, PR","Realeza, PR"
1073,TR002,2023-06-10,2023-06-12,"Araucária, PR","Jandaia do Sul, PR"
1074,TR010,2023-07-21,2023-07-23,"Ivaiporã, PR","Araucária, PR"
1075,TR003,2023-11-10,2023-11-17,"Toledo, PR","Paranavaí, PR"
1076,TR011,2023-04-12,2023-04-17,"Ivaiporã, PR","Cianorte, PR"
1077,TR004,2023-07-07,2023-07-14,"Palmas, PR","União da Vitória, PR"
1078,TR002,2023-11-10,2023-11-11,"Pinhais, PR","Castro, PR"
1079,TR010,2023-03-27,2023-03-30,"Guarapuava, PR","São José dos Pinhais, PR"
1080,TR001,2023-11-29,2023-12-01,"Ponta Grossa, PR","Telêmaco Borba, PR"
1081,TR003,2023-07-05,2023-07-07,"Lunardelli, PR","Dois Vizinhos, PR"
1082,TR002,2023-06-28,2023-06-30,"Londrina, PR","Matinhos, PR"
1083,TR009,2023-05-27,2023-06-01,"Coronel Domingos Soares, PR","União da Vitória, PR"
1084,TR010,2023-05-13,2023-05-16,"Guarapuava, PR","Três Barras do Paraná, PR"
1085,TR001,2023-05-08,2023-05-13,"Santo Antônio da Platina, PR","Jandaia do Sul, PR"
1086,TR002,2023-12-13,2023-12-15,"Dois Vizinhos, PR","Pitanga, PR"
1087,TR001,2023-12-07,2023-12-08,"Três Barras do Paraná, PR","Dois Vizinhos, PR"
1088,TR009,2023-12-22,2023-12-25,"Pato Branco, PR","Foz do Iguaçu, PR"
1089,TR009,2023-01-14,2023-01-16,"Londrina, PR","Foz do Iguaçu, PR"
1090,TR008,2023-11-14,2023-11-17,"Terra Rica, PR","Pitanga, PR"
1091,TR005,2023-12-19,2023-12-24,"Irati, PR","Ivaiporã, PR"
1092,TR007,2023-02-04,2023-02-08,"Jacarezinho, PR","Pitanga, PR"
1093,TR001,2023-09-16,2023-09-21,"Jacarezinho, PR","Guarapuava, PR"
1094,TR003,2023-08-17,2023-08-22,"Araucária, PR","Palmas, PR"
1095,TR008,2023-03-17,2023-03-19,"Matinhos, PR","Três Barras do Paraná, PR"
1096,TR007,2023-02-19,2023-02-20,"Guarapuava, PR","Toledo, PR"
1097,TR012,2023-04-11,2023-04-15,"Medianeira, PR","Terra Rica, PR"
1098,TR006,2023-06-29,2023-07-06,"Apucarana, PR","Medianeira, PR"
1099,TR002,2023-10-26,2023-10-28,"Jacarezinho, PR","Guarapuava, PR"
1100,TR003,2023-11-06,2023-11-09,"Realeza, PR","Cascavel, PR"
1101,TR008,2023-01-17,2023-01-23,"Jandaia do Sul, PR","Ponta Grossa, PR"
1102,TR008,2023-09-15,2023-09-20,"Araucária, PR","Coronel Domingos Soares, PR"
1103,TR003,2023-08-19,2023-08-24,"Lunardelli, PR","Cianorte, PR"
1104,TR011,2023-03-02,2023-03-09,"Irati, PR","Santa Terezinha de Itaipu, PR"
1105,TR002,2023-06-06,2023-06-09,"Pitanga, PR","Paranavaí, PR"
1106,TR001,2023-12-05,2023-12-06,"Apucarana, PR","Santa Terezinha de Itaipu, PR"
1107,TR011,2023-02-11,2023-02-14,"Jacarezinho, PR","Araucária, PR"
1108,TR009,2023-01-12,2023-01-18,"Curitiba, PR","Lunardelli, PR"
1109,TR012,2023-05-31,2023-06-06,"Cianorte, PR","Lunardelli, PR"
1110,TR005,2023-03-01,2023-03-05,"Ivaiporã, PR","Guarapuava, PR"
1111,TR011,2023-04-28,2023-05-05,"Arapongas, PR","Pitanga, PR"
1112,TR006,2023-11-09,2023-11-15,"Curitiba, PR","Matinhos, PR"
1113,TR012,2023-03-03,2023-03-08,"Ibiporã, PR","Toledo, PR"
1114,TR011,2023-10-09,2023-10-16,"Santa Terezinha de Itaipu, PR","Francisco Beltrão, PR"
1115,TR006,2023-01-28,2023-01-29,"Curitiba, PR","Cianorte, PR"
1116,TR001,2023-10-22,2023-10-23,"Telêmaco Borba, PR","Irati, PR"
1117,TR008,2023-01-01,2023-01-03,"Paranaguá, PR","Toledo, PR"
1118,TR012,2023-07-19,2023-07-25,"Realeza, PR","Jandaia do Sul, PR"
1119,TR001,2023-02-27,2023-03-04,"Arapongas, PR","São José dos Pinhais, PR"
1120,TR012,2023-06-10,2023-06-16,"Antonina, PR","Jacarezinho, PR"
1121,TR012,2023-04-02,2023-04-08,"Arapongas, PR","Toledo, PR"
1122,TR005,2023-07-11,2023-07-13,"Irati, PR","Cascavel, PR"
1123,TR011,2023-02-24,2023-03-02,"Irati, PR","Guarapuava, PR"
1124,TR004,2023-12-21,2023-12-26,"Ivaiporã, PR","Coronel Domingos Soares, PR"
1125,TR009,2023-08-08,2023-08-13,"Guarapuava, PR","Curitiba, PR"
1126,TR002,2023-09-21,2023-09-23,"Marechal Cândido Rondon, PR","Cianorte, PR"
1127,TR009,2023-04-09,2023-04-11,"Foz do Iguaçu, PR","Irati, PR"
1128,TR010,2023-08-18,2023-08-22,"Jandaia do Sul, PR","Paranaguá, PR"
1129,TR011,2023-04-08,2023-04-09,"Irati, PR","Foz do Iguaçu, PR"
1130,TR011,2023-05-04,2023-05-09,"Pinhais, PR","Arapongas, PR"
1131,TR002,2023-09-10,2023-09-17,"União da Vitória, PR","Marechal Cândido Rondon, PR"
1132,TR008,2023-05-06,2023-05-11,"Realeza, PR","União da Vitória, PR"
1133,TR007,2023-11-25,2023-12-02,"Arapongas, PR","Coronel Domingos Soares, PR"
1134,TR001,2023-06-22,2023-06-24,"Castro, PR","Realeza, PR"
1135,TR002,2023-03-06,2023-03-08,"Guarapuava, PR","Cianorte, PR"
1136,TR002,2023-05-21,2023-05-27,"Cascavel, PR","Realeza, PR"
1137,TR010,2023-07-07,2023-07-11,"Jacarezinho, PR","Dois Vizinhos, PR"
1138,TR005,2023-07-02,2023-07-07,"Lunardelli, PR","Toledo, PR"
1139,TR001,2023-09-21,2023-09-24,"Arapongas, PR","Ivaiporã, PR"
1140,TR002,2023-07-12,2023-07-13,"Irati, PR","Jandaia do Sul, PR"
1141,TR003,2023-06-14,2023-06-21,"Araucária, PR","Realeza, PR"
1142,TR003,2023-10-19,2023-10-21,"Cascavel, PR","União da Vitória, PR"
1143,TR001,2023-06-24,2023-07-01,"Arapongas, PR","Ponta Grossa, PR"
1144,TR006,2023-09-05,2023-09-08,"Dois Vizinhos, PR","Pitanga, PR"
1145,TR008,2023-04-27,2023-04-28,"Jacarezinho, PR","Marechal Cândido Rondon, PR"
1146,TR010,2023-01-15,2023-01-22,"Pitanga, PR","Cascavel, PR"
1147,TR009,2023-03-23,2023-03-28,"Paranaguá, PR","Guarapuava, PR"
1148,TR007,2023-10-05,2023-10-12,"São José dos Pinhais, PR","Pinhais, PR"
1149,TR006,2023-04-27,2023-04-30,"Realeza, PR","Medianeira, PR"
1150,TR007,2023-10-31,2023-11-04,"Ivaiporã, PR","Terra Rica, PR"
1151,TR010,2023-01-28,2023-01-31,"Jacarezinho, PR","Santa Terezinha de Itaipu, PR"
1152,TR002,2023-09-18,2023-09-21,"Ibiporã, PR","Matinhos, PR"
1153,TR011,2023-11-17,2023-11-23,"Pato Branco, PR","Irati, PR"
1154,TR004,2023-02-16,2023-02-21,"Paranaguá, PR","Apucarana, PR"
1155,TR004,2023-09-02,2023-09-03,"Ponta Grossa, PR","Telêmaco Borba, PR"
1156,TR005,2023-08-08,2023-08-15,"Jacarezinho, PR","Pinhais, PR"
1157,TR003,2023-08-26,2023-08-29,"Lunardelli, PR","Cascavel, PR"
1158,TR002,2023-10-15,2023-10-20,"Antonina, PR","Lunardelli, PR"
1159,TR002,2023-11-29,2023-12-06,"Ivaiporã, PR","Paranaguá, PR"
1160,TR007,2023-06-05,2023-06-11,"Medianeira, PR","Palmas, PR"
1161,TR011,2023-06-13,2023-06-14,"Castro, PR","Apucarana, PR"
1162,TR004,2023-10-20,2023-10-27,"Pinhais, PR","Ivaiporã, PR"
1163,TR007,2023-11-03,2023-11-04,"Medianeira, PR","Santo Antônio da Platina, PR"
1164,TR002,2023-04-07,2023-04-12,"Francisco Beltrão, PR","Arapongas, PR"
1165,TR003,2023-05-15,2023-05-17,"Dois Vizinhos, PR","Medianeira, PR"
1166,TR010,2023-08-16,2023-08-23,"Irati, PR","Dois Vizinhos, PR"
1167,TR001,2023-06-11,2023-06-18,"Foz do Iguaçu, PR","Santa Terezinha de Itaipu, PR"
1168,TR001,2023-08-12,2023-08-13,"Irati, PR","Curitiba, PR"
1169,TR010,2023-02-11,2023-02-16,"Antonina, PR","Curitiba, PR"
1170,TR011,2023-06-21,2023-06-27,"Telêmaco Borba, PR","Irati, PR"
1171,TR002,2023-06-25,2023-06-26,"Paranavaí, PR","Antonina, PR"
1172,TR012,2023-11-05,2023-11-12,"Pinhais, PR","São José dos Pinhais, PR"
1173,TR001,2023-09-30,2023-10-03,"Ponta Grossa, PR","Ibiporã, PR"
1174,TR006,2023-05-11,2023-05-12,"Jacarezinho, PR","Pinhais, PR"
1175,TR006,2023-05-31,2023-06-04,"Cianorte, PR","Ibiporã, PR"
1176,TR012,2023-03-12,2023-03-19,"Jandaia do Sul, PR","Irati, PR"
1177,TR008,2023-08-02,2023-08-09,"Santo Antônio da Platina, PR","Lunardelli, PR"
1178,TR001,2023-09-07,2023-09-11,"Santo Antônio da Platina, PR","Três Barras do Paraná, PR"
1179,TR001,2023-12-18,2023-12-24,"Apucarana, PR","Três Barras do Paraná, PR"
1180,TR004,2023-02-28,2023-03-06,"Dois Vizinhos, PR","Castro, PR"
1181,TR012,2023-08-16,2023-08-19,"Pato Branco, PR","Irati, PR"
1182,TR005,2023-12-12,2023-12-18,"Lunardelli, PR","Cianorte, PR"
1183,TR011,2023-05-31,2023-06-06,"Marechal Cândido Rondon, PR","Toledo, PR"
1184,TR002,2023-03-27,2023-03-29,"Dois Vizinhos, PR","Pitanga, PR"
1185,TR004,2023-09-24,2023-09-29,"Paranavaí, PR","Coronel Domingos Soares, PR"
1186,TR005,2023-01-20,2023-01-23,"Jandaia do Sul, PR","Realeza, PR"
1187,TR012,2023-12-30,2024-01-06,"Terra Rica, PR","Cascavel, PR"
1188,TR012,2023-10-15,2023-10-18,"Guarapuava, PR","Toledo, PR"
1189,TR011,2023-12-08,2023-12-10,"Araucária, PR","União da Vitória, PR"
1190,TR009,2023-04-19,2023-04-26,"Dois Vizinhos, PR","Medianeira, PR"
1191,TR001,2023-07-03,2023-07-10,"Guarapuava, PR","Realeza, PR"
1192,TR005,2023-08-08,2023-08-09,"Santo Antônio da Platina, PR","Ponta Grossa, PR"
1193,TR005,2023-07-09,2023-07-13,"Santa Terezinha de Itaipu, PR","Lunardelli, PR"
1194,TR012,2023-03-11,2023-03-13,"Realeza, PR","Apucarana, PR"
1195,TR008,2023-05-26,2023-05-29,"Paranaguá, PR","Antonina, PR"
1196,TR002,2023-07-24,2023-07-26,"Irati, PR","Pinhais, PR"
1197,TR002,2023-04-23,2023-04-29,"Jacarezinho, PR","Guarapuava, PR"
1198,TR010,2023-01-24,2023-01-30,"União da Vitória, PR","Três Barras do Paraná, PR"
1199,TR004,2023-10-17,2023-10-22,"Arapongas, PR","Coronel Domingos Soares, PR"
1200,TR005,2023-08-30,2023-09-03,"Telêmaco Borba, PR","Paranavaí, PR"
1201,TR008,2023-01-04,2023-01-07,"Dois Vizinhos, PR","Paranaguá, PR"
1202,TR008,2023-12-19,2023-12-25,"Londrina, PR","Coronel Domingos Soares, PR"
